codigo,Mar-15,Apr-15,May-15,Jun-15,Jul-15,Aug-15,Sep-15,Oct-15,Nov-15,Dec-15,Jan-16,Feb-16,Mar-16,Apr-16,May-16,Jun-16,Jul-16,Aug-16,Sep-16,Oct-16,Nov-16,Dec-16,Jan-17,Feb-17,Mar-17,Apr-17,May-17,Jun-17,Jul-17,Aug-17,Sep-17,Oct-17,Nov-17,Dec-17,Jan-18,Feb-18,Mar-18,Apr-18,May-18,Jun-18,Jul-18,Aug-18,Sep-18,Oct-18,Nov-18,Dec-18,Jan-19,Feb-19,Mar-19,Apr-19,May-19,Jun-19,Jul-19,Aug-19,Sep-19,Oct-19,Nov-19,Dec-19,Jan-20,Feb-20,Mar-20,Apr-20,May-20,Jun-20,Jul-20,Aug-20,Sep-20,Oct-20,Nov-20,Dec-20,Jan-21,Feb-21,Mar-21,Apr-21,May-21,Jun-21,Jul-21,Aug-21,Sep-21,Oct-21,Nov-21,Dec-21,Jan-22,Feb-22,Mar-22,Apr-22,May-22,Jun-22,Jul-22,Aug-22,Sep-22,Oct-22,Nov-22,Dec-22,Jan-23,Feb-23,Mar-23,Apr-23,May-23,Jun-23,Jul-23,Aug-23,Sep-23,Oct-23,Nov-23,Dec-23,Jan-24,Feb-24,Mar-24,Apr-24,May-24,Jun-24,Jul-24,Aug-24,Sep-24,Oct-24,Nov-24,Dec-24,Jan-25,Feb-25,Mar-25,Apr-25,May-25,Jun-25,Jul-25,Aug-25,Sep-25,Oct-25,Nov-25
101101,18052.46,40869.87,148747.18,103871.41,196732.44,303291.48,352156.58,341920.73,225763.92,295939.17,435299.38,413683.57,308412.27,456258.57,360008.12,399090.27,397087.52,366853.15,395320.58,432312.89,643794.15,481591.74,841779.68,566484.35,713984.01,533175.6,619821.61,537100.47,513399.4,783559.33,964847.09,870621.56,902455.6,838344.25,948797.02,819915.34,1114142.5,1056540.6,950343.48,791953.01,992119.44,1077971.81,857644.05,815500.74,1115446.31,965895.47,1524367.66,1258134.19,987562.46,1098435.21,1001540.9,1127135.19,1473485.21,1158653.49,1444073.79,1176241.16,2034482.48,1462559.01,1234257.2,1063099.55,1484939.85,1335181.97,1628488.72,1945487.95,1967606.7,2010341.63,2190152.97,2199216,2039957.84,1965460.36,1941336.18,2693361.79,2436245.17,2394907.25,2946636.9,2567455.33,2937005.79,2227584.54,2412167.63,1777603.66,2808258.41,3336933.52,3171743.5,2986208.46,3411359.52,3105882.38,3627730.78,3783344.25,3803356.47,3707816.11,3717737.39,3322748.07,4222696.74,4591631.33,3476991.08,4044030.77,3055756.52,4600039.55,5009220.35,3608928.36,4237595.54,4571253.37,3280790.88,3823636.2,4108757.77,3545006.14,4188319.53,4288521.93,2766489.28,4084891.84,4041085.4,3509836.89,3915433.48,3233842.08,3410236.74,3615742.99,3573974.7,4112737.45,4818690.21,4374845.73,3842411.08,4304335.26,4236301.49,4376704.26,4075030.17,4055995.43,4919996.71,4229010.34,3921940.12
101103,1529962.12,274194.44,401556.59,84078.32,238962.71,473206.26,63255.11,528083.43,1028993.82,656215.97,361860.68,448789.39,2933926.32,1794810.95,2717494.27,6961082.83,2685210.75,1104308.28,1350282.7,2270030.81,1327505.8,1900874.75,10150683.54,7666041.32,4318676.29,6475099.64,7639439.62,7442756.24,6357679.88,1778044.22,6820337.69,1753957.7,878616.26,2636530.51,4778808.31,7146679.78,3423242.66,3807431.72,3916667.06,8527142.27,10143480.01,9113103.46,15533730.65,19329208.28,17248538.76,13344935.02,13812942.24,11190750.66,9251209.31,10364749.78,9387903.55,6804902.45,6498199.66,9676824.66,8199727.61,12654614.49,12771924.77,12338324.95,9753522.77,9093261.11,9627427.83,10748229.91,12640921.8,16140004.15,19213406.64,13688275.66,15948705.82,10270499.17,13079147.81,15704237.65,15921020.9,11907272.64,18591516.11,9054328.6,14782765.12,19270076.73,16079322.91,13237707.35,21857890.48,21686486.21,11351506.36,11656026.29,7393257.47,9098573.8,9262734.15,9778413.46,9474876.67,12570454.21,9372628.49,14809211.88,14954148.52,12377561.99,11917029.18,12217644.11,10561494.03,11212716.47,10339345.03,15851890.73,15378738.47,11119306.74,10622220.33,10643786.27,14862766.29,13432740.48,17966894.2,14329768.1,14572376.04,15302540.18,12695047.54,17038849.34,17603702.17,15900816.96,17786488.58,20013452.78,17839994.78,19030784.7,17300478.07,19972180.56,21691228.37,17964895.69,16400240.3,19441143.48,21355603.27,28387896.89,31022753.02,31646938.47,28392383.06,32624857.42,34786375.84
101108,0,0,0,0,0,0,0,0,0,0,0,0,0,0,0,0,0,0,0,0,0,0,0,0,0,0,0,0,0,0,0,0,0,0,0,0,0,0,0,0,0,0,0,0,0,0,0,0,0,0,0,0,0,0,0,0,0,0,0,0,0,0,0,0,0,0,0,0,0,0,0,0,0,0,0,0,0,0,0,0,0,0,0,0,0,0,0,0,0,0,0,0,0,0,0,0,0,0,0,0,0,0,0,0,0,0,0,0,0,0,0,0,0,0,110,100,100,100,100,100,2000100,2017460.15,2029295.76,2045256.85,2057092.46,2072829.48,5590732.35,5796188.11,5664367.54
101602,0,0,0,0,0,0,0,0,0,0,0,0,0,0,0,0,0,0,0,0,0,0,0,0,0,0,0,0,0,0,0,0,0,0,0,0,0,0,0,0,0,0,0,0,0,0,0,0,0,0,0,0,0,0,0,0,0,0,0,0,0,0,0,0,0,0,0,0,0,0,0,0,0,0,0,0,0,0,0,0,0,0,0,0,0,0,0,0,0,0,0,0,0,0,0,41419.13,41419.13,41383.78,7047.12,12945.5,7082.04,7084.38,7072.5,7049.27,7045.52,7044.32,7825.15,14071.82,10129.15,6217.46,2330.27,776.87,774.69,0,0,0,0,0,0,0,0,0,0,0,0,0,0,0,0
101603,0,0,0,0,2274872.2,4461.39,4461.39,4461.39,4461.39,3.82,3.82,3.82,126016.75,37766.14,51541.09,945077.84,350713.57,1612742.81,236452.53,236767.56,174144.01,7610992.65,75800.57,90026.79,93000.1,53368.23,233539.78,207300.12,640388.66,246402.7,424221.83,364352.8,223277.65,148457.94,1022420.57,541222.61,533568.24,494869,1267829.42,701814.52,1743701.5,1745255.9,1325943.08,1273808.22,1118011.92,606677.42,219715.89,1049056.84,61374.81,26823.19,6661719.05,7404583.78,1043668.86,877176.09,191196.01,1437776.01,6274083.54,5696930.11,148918.16,2354684.7,59475.37,27964.88,33282.97,20508.19,16384.71,11517.3,3851883.9,3845941.78,6381.97,2455.91,2554.22,2805519.47,2793921.06,761056.54,514192.5,1062610.53,1445201.69,118241.56,48418.91,641393.86,5659600.78,978242,593071.67,781573.33,1396993.63,990798.05,2316766.88,551172.95,1996192.65,625266.8,361598.82,1121957.85,3003359.15,2391685.32,1442887.48,974360.4,1356627.78,1024548.26,100399.23,3744704.12,3120442.92,2663020.3,4062740.42,3692219.38,241050.23,864041.64,47950.43,42838.31,3856576.98,3514553.3,1705729.22,1297585.62,770362.05,613273.25,249695.63,49885.51,3827.75,121445.11,68085.65,24164.06,3825635.59,3811230.98,3803035.8,5713830.07,6058110.51,5907953.11,10355548.75,10974846.81,10126690.16
102103,5100,5100,100,100,100,100,100,1025,1025,1025,1025,1025,1025,1025,1025,1025,1025,1025,1025,1025,1025,1025,21025,21025,21025,21025,21075,36075,36075,36075,45575,45575,45575,45575,45575,45575,45575,45575,45575,45575,36075,36075,36075,36075,36075,1075,1075,1601075,3601075,3601075,3601075,3646869.58,4156869.58,4156869.58,4156869.58,4156869.58,4726869.58,4726869.58,4726869.58,4933869.58,4933869.58,4933869.58,4933869.58,4933869.58,6933869.58,6933869.58,6122266.78,6922266.78,6412266.78,6412266.78,6412266.78,6412266.78,6411191.78,6411191.78,6411191.78,8661191.78,8661191.78,8661191.78,10161191.78,10396720.01,10396720.01,11396720.01,11396720.01,11396720.01,11421720.01,11421720.01,11421720.01,13101350.15,11101350.15,13101350.15,14101350.15,14555395.95,14555395.95,14555395.95,14555395.95,14555395.95,14555395.95,14555395.95,14555395.95,15225470.05,15225470.05,16225470.05,16225470.05,16478710.69,16478710.69,16478710.69,16478710.69,16453710.69,16453710.69,16842692.91,16953610.69,16953610.69,17353906.65,17353906.65,19353906.65,19000000,19000000,19000000,19000000,19000000,19000000,19000000,19000000,19000000,20500000,20500000,19500000,19500000,18000000
102199,0,0,0,0,0,0,0,0,0,0,0,0,0,0,0,0,0,0,0,0,0,0,0,0,0,0,0,0,0,0,0,0,0,0,0,0,0,0,0,0,0,0,0,0,0,0,0,0,0,0,0,0,0,0,0,0,0,0,0,0,0,0,0,0,0,0,0,0,0,0,0,0,0,0,0,0,0,0,0,0,0,0,0,0,0,0,0,0,0,0,0,0,0,0,0,0,0,0,0,0,0,0,0,0,0,0,0,0,0,0,0,0,0,0,0,0,0,0,0,0,0,0,0,0,0,0,0,0,0
102603,0,0,0,0,0,2270464.02,2270464.02,2270464.02,13050464.02,16853884.02,16853884.02,16853884.02,19151068.02,19151068.02,23734924.02,28327648.02,28327648.02,28327648.02,30079207,29728419.09,29728419.09,29728419.09,29728419.09,29728419.09,29160132.67,29160132.67,26893671.24,26869815.24,26869815.24,26869815.24,26835387.24,26835387.24,26835387.24,26835387.24,26802459.24,26802459.24,26802459.24,26790531.24,22317718.29,22317718.29,18337471.99,18491807.99,18491807.99,18491807.99,18491807.99,14821927.99,12619999.99,12619999.99,12619999.99,12619999.99,10429999.99,10429999.99,10591752,10591752,10591752,10591752,5295876,5397007,5397007,5397007,7700659,7700659,7700659,7700659,7700659,7700659,3857006,3857006,3857006,3857006,3857006,3857006,3857006,5400386,3085013,10067252,10067252,10067252,10067252,10067252,10067252,20102264,19993506,16969084,17063556.25,17030003.25,17072656.5,17232278,17188801.5,17192472.75,17516188,17393568.25,17421981.5,17446189.5,17438023.75,17363219.25,17337453.75,17348378.5,17397061.5,22139272,22204727.25,22212100.5,22174683.25,22101869,22090117,20520927.5,20488167.5,20521410,20453081.25,20401027.5,20389845,16514077.5,16459782.5,16424337.5,22205005,22209518.75,22187525,22155468.75,22232346.25,22170418.75,22170993.75,22119128.75,22069765,14408400,14379131.25,14363868.75,8614226.25,8613798.75,8615857.5
102699,0,0,0,0,0,6124.02,12678.5,19422.35,26122.35,67044.62,109322.72,151308.38,75638.28,68003.43,47619.47,87368.85,97166.67,78154.47,47964.79,73242.47,123096.73,188736.27,223614.17,258753.79,295641.71,354537.08,362449.39,313293.9,380714.96,328211.48,80885.17,101456.11,101456.11,55215.77,102212.35,142556.61,193825.64,216177.47,189744.43,242361.52,224493.29,15202.08,31799.16,48284.41,64898.45,45727.15,-14780.62,5180.8,21828.8,38750.09,7703.57,4273.89,21712.75,39005.12,56182.66,73171.84,92912.93,111915.38,132431.39,99716.07,121070.57,142473.7,163909.92,185330.06,215100.28,236526.64,198505.23,53507.83,58305.09,95922.9,83540.71,121158.52,158776.33,181169.14,212368.12,253741.74,261171.6,320313.97,402101.14,192932.76,218149.04,269681.99,282510.78,339456.23,408968.35,478480.47,547992.59,337720.27,374705.54,431065.81,452241.93,263259.29,324230.38,147764.99,234501.69,325038.39,412000,499000,586000,429000,529888.73,660000,732000,574333.81,677500,400000,499410.01,598820.01,698230,797270.29,795568.47,578388,500407.64,609549.99,718692.34,547979.61,652179.92,357715.24,461915.55,566115.86,670316.17,795678.45,899878.76,797829.07,531841.88,621854.69,500172.7,434842.87,532478.29
103101,4020151.5,8329282.57,14011249.09,19252165.26,25511013.14,30669415.62,34570904.72,38847269.59,43379312.76,44705876.61,46212805.57,48012105.11,48909158.69,49279294.83,50707837.94,51429992.54,52171774.16,55590532.25,57444768.15,60435944.39,62519080.3,62798051.44,64537841.66,65956379.87,66918469.71,66686759.77,67463403.74,69579962.84,70970722.28,73774265.14,72417754.21,75520134.91,79053147.13,78448412.48,78663665.59,78907444.26,78541835.88,76901973.17,74724054.19,74708648.22,73244621.45,74022577.93,74465520.03,76324834.59,78793860.02,82068517.48,82348335.91,85780354.49,86919387.95,88623209.14,93141963.13,94388145.32,95502970.5,99055927.64,100848106.87,102467699.79,103715510.01,103813072.82,105343265.01,107374048.62,105950616.97,103300155.25,101552315.23,98674740.3,101531624,105859606.46,112813253.41,120002244.99,123113985.28,122210667.23,122177893.23,124732519.27,127910159.08,131933819.06,131015928.98,131764635.33,133349725.8,139273646.18,140382615.29,144362555.35,148697034.86,149119571.48,149813855.3,153820997.69,154708785.94,156748338.5,161073919.77,163459319.87,165840703.62,167485547.81,168919063.82,175387751.06,177447335.77,177061768.26,177692148.87,179258306.46,184231288.77,186421978.36,185388312.56,187900283.98,187812522.93,189547280.84,188845540.71,189331880.62,194379164.38,199546239.27,204326234.12,200669080.01,206249343.45,207689194.78,211797100.75,214149790.02,215720160.61,218511153.89,218808691.35,226450836.24,232837275.19,241321159.02,244116524.86,244899959.91,245339844.36,244301668.73,244953823.66,244546114.2,249932915.36,251250110.23,246707257.58,249331614.07,246385928.95
103102,0,0,0,0,0,0,0,0,0,55188,54956.61,120307.24,196193.4,307376.96,450568.05,556667.66,776833.83,1147235.95,1197227.07,1312248.48,1430460.13,1437301.96,1580225.68,1761022.38,1859237.86,2191736.38,2192037.58,2333459.56,2390776.36,2400354.3,2417677.53,2387654.58,2576595.81,2237607.66,2329662.11,2672758.69,3452261.7,4337048.43,4348307.58,3612111.49,3861636.95,4067973.39,4254717.9,4397212.65,4349156.36,3664410.38,3705029.4,3446209.72,3360311.88,3794605.84,3633992.72,3348916.68,3270969.59,2867369.2,2874626.02,2953155.45,3008978.81,2238546.81,2633489.19,2745884.22,2718129.2,3074122.19,3239165.11,3773495.41,3863383.41,4029403.83,3879630.02,3359515.58,3313848.34,3259235.88,3329722.66,3242678.8,3290824.54,3396483.89,4138888.51,4407228.53,4529526.29,4656503.32,3897496.85,4020707.48,3789074.91,3253105.06,3565597.37,3670512.83,3261153.04,3639645.37,3318763.13,2319425.07,2221301.93,2286248.88,2664266.5,2756205.27,2157912.9,1468988.76,2896127.07,3148713.85,2858186.74,3547341.13,3689263.8,4375732.26,4659745.64,4544834.04,6813595.45,8116779.03,9135520.1,9655562.84,9798048.13,10094842.02,11506578.28,11094208.51,11451712.46,11419288.01,10823630.05,11711066.25,12307358.16,12254006.18,12273912.3,10116142.16,9939615.12,10209682.1,10482852.32,10734813.82,11386758.98,11837931.59,12295893.7,13158948.29,13964302.3,14130699.24,16175279.6
103103,0,0,0,0,0,0,0,0,65137.86,0,141670.23,83562.01,212207.14,181512.55,189408,297008.14,548218.22,136714.44,382682.64,291568.84,336844.15,421292.98,284549.35,264384.04,453891.59,319138.14,222526.38,155437.19,330557.64,186763.28,285895.47,404825.02,239647.54,134536.75,481244.02,978490.39,1249263.99,332250.15,286104.37,319407.13,560666.89,341924.82,297920.27,75609.75,602471.37,6046.76,294238.89,206409.11,303005.51,-5596.78,91797.81,64928.98,21506.56,40065.02,59631.36,127997.3,-87932.52,50602.02,84547.45,29692.88,368216.87,534415.3,795452.4,320090.56,300078.58,232327.79,201970.89,215487.1,263628.06,162926.35,285701.6,302577.19,189124.98,1048194.65,1253981.5,363624.3,322435.5,453817.97,232735.62,455112.74,205814.89,391115.33,1261858.5,1891426.86,2155711.07,1408800.95,702676.3,1131275.28,1532361.75,1376566.03,1413698.93,865534.23,2475546.99,2528733.58,2786731.38,2914623.69,2350645.06,2237775.08,2895819.57,3572679.58,4459447.15,6118085.91,6289708.6,9176109.55,6101751.17,3597342.94,4776587.08,7366902.58,5472859,6775934.07,5391026.08,5579210.99,6102564.45,4657035.83,4277007.83,5677955.87,4867072.42,3613430.86,5027187.21,6524043.78,7058685.21,7452912.82,7335582.91,6205846.46,6045643.47,6522524.01,11590235.29,8801321.23,7811764.13
103199,44860.59,120882.41,212034.98,308066.89,398788.78,497348.05,562843.48,673785.05,772746.16,806653.45,858059.88,903932.2,930044.19,942422.32,989539.5,970789.71,1068651.43,1142493.08,1173572.58,1259861.4,1284250.93,1333749.56,1393064.63,1410744.09,1482681.46,1577150.76,1629082.02,1631028.43,1665481.06,1690119.18,1741149.66,1760434.44,1877719.64,1911584.53,1911584.53,1911584.53,1911584.53,1911584.53,1911584.53,1911584.53,1911584.53,1911584.53,1911584.53,1911584.53,1911584.53,1911584.53,2002513.82,1911584.53,1911584.53,1911584.53,1911584.53,1911584.53,1911584.53,1911584.53,1911584.53,1911584.53,1911584.53,1911584.53,1871759.85,1831935.16,1831935.16,1831935.16,1831935.16,1831935.16,1831935.16,1831935.16,1831935.16,1831935.16,1831935.16,1831935.16,1831935.16,1806935.16,1706935.15,1606935.16,1506935.17,1406935.17,1306935.17,1206935.17,1106935.17,1006935.17,906935.17,806935.17,700000,600000,500000,400000,300000,200000,100000,0,0,0,0,0,0,0,0,0,0,0,0,0,0,0,0,0,0,0,0,0,0,0,0,0,0,0,0,0,0,0,0,0,0,0,0,0,0,0,0
103601,0,0,0,0,0,0,0,0,0,0,0,0,0,0,0,0,0,0,0,0,0,0,0,0,0,0,0,0,0,0,0,0,0,0,0,0,0,0,0,0,0,0,0,0,0,0,0,0,0,0,0,0,0,0,0,0,0,0,0,0,0,0,0,0,0,0,0,0,0,0,0,0,0,0,0,0,0,0,0,0,0,0,0,0,0,0,0,0,0,0,0,0,0,0,57573.67,1126.75,1125.09,5092.54,7350.3,2399.94,1134.54,1193.87,3025.3,1508,6085.61,7945.68,14383.81,4316.61,13512.51,13466.08,12778.43,15462.67,29669.72,31340.5,43014.53,45336.54,61516.63,71387.39,70496.41,65662.3,66396.92,71851.09,61311.73,70527.16,59332.05,80580,50860.61,99200.56,87441.38
104101,199463.91,262207.54,127479.98,374400.21,442536.22,444227.71,489573.29,305916.2,322001.56,8301739.73,8275542.87,9014512.64,8265972.36,5077032.56,9930480.67,9401314.02,9097853.32,9948153.06,9015787.27,10070505.16,9442296.07,1693527.34,571258.36,1703219.07,1723200.58,989413.4,745386,3573569.07,4579183.68,5318308.11,8465234.82,10451812.07,9547458.45,32460115.17,28740662.66,29243457.16,30058006.41,30197825.59,30549537.93,7557220.52,6807726.61,4069896.26,4013587.61,4090971.36,109841.4,25377817.9,28379138.8,25324380.12,25302291.59,59594.34,107286.26,53414.83,47980.83,90519.83,47908.24,232008.77,62281.24,26920505.72,26913300.85,26947383.09,26990854.81,471140.31,888198.67,1107704.36,977695.26,980971.43,911999.83,788367.33,725960.03,44906.33,44672.68,39556.64,38407.91,45873.05,41757.25,43257.89,40326.82,56343.46,56761.48,43989.95,43397.35,76404.08,0,0,0,0,0,0,0,0,0,0,0,118115.43,87107.06,94959.88,52847.07,44362.55,52647.22,57008.32,40284.71,39925.7,136629.41,141249.89,174136.14,205049.1,934584.39,874698.62,814401.78,817285.51,875834.78,879519.83,414864.41,417298.64,428934.3,472103.86,486899.45,423023.82,433380.65,419763.28,448306.28,424221.06,432528.01,441502.6,453153.72,433010.71,436000.88,722876.55,611760.13
104102,0,0,0,0,0,0,0,0,0,0,0,0,0,0,0,0,0,0,0,0,0,0,0,0,0,0,0,0,0,0,0,0,0,0,0,0,0,0,0,0,0,0,0,0,0,0,0,0,0,0,0,0,0,0,0,0,0,0,0,0,0,0,0,0,0,0,0,0,0,0,0,0,0,0,0,0,0,0,0,0,0,0,66512.67,83065.44,86987.39,82456.45,68772.66,57549.03,54462.04,56006.73,62573.31,54350.47,125919.82,164717.17,84410.94,85423.27,127358.75,153969.25,122928.11,92948.46,170944.8,159521.7,371686.8,163627.19,167262.68,315239.11,327220.92,319755.48,156326.63,299865.2,190369.05,246353.08,236995.05,191709.95,149234.15,312072.82,267896.93,673154.93,667954.52,486176.02,511028.99,515519.69,213752.78,366913.95,243448.94,206390.96,210742.86,513272.76,266437.25
104601,0,0,0,0,0,0,0,0,0,0,0,0,0,0,0,0,0,0,0,0,0,0,0,0,0,0,0,0,0,0,0,0,0,0,0,0,0,0,0,0,0,0,0,0,0,0,0,0,0,0,0,0,0,0,0,0,0,0,0,0,0,0,0,0,0,0,0,0,0,0,0,0,0,0,0,0,0,0,0,0,0,0,0,0,0,0,0,0,0,0,0,0,0,0,78485.5,78485.5,78485.5,78082.6,78301.4,78457.6,78689.3,78715.4,78622.32,78325.2,78283.6,78270.2,78145.4,78176.8,77916.5,77718.2,77675.6,77687.4,77457.8,77291,77234.8,77250.5,77174,77062.5,77329.9,77114.5,92527.79,76936.1,76764.4,76844.8,76688.7,76607.3,76570.9,76567.1,842439.4
104602,0,0,0,0,0,0,0,0,0,0,0,0,0,0,0,0,0,0,0,0,0,0,0,0,0,0,0,0,0,0,0,0,0,0,0,0,0,0,0,0,0,0,0,0,0,0,0,0,0,0,0,0,0,0,0,0,0,0,0,0,0,0,0,0,0,0,0,0,0,0,0,0,0,0,0,0,0,0,0,0,0,0,0,0,0,0,0,0,0,0,0,0,0,0,68003.14,63662.81,63767.1,59840.47,57764.67,56611.15,56754.82,56628.17,54578.34,51901.49,45220.05,42258.79,55827.23,53128.89,42589.63,40028.53,36569.59,26682.76,42491.88,25043.44,30391.97,33917.68,28480.83,155066.55,121902.31,75499.18,31888.06,21541.95,14048.65,26174.11,19925.72,27592.65,30960.37,40629.57,26408.1
109101,0,0,0,0,0,0,0,0,0,0,0,0,0,0,0,0,0,0,0,0,0,0,0,0,0,0,0,0,0,0,0,0,0,0,0,0,0,0,0,0,0,0,0,0,0,0,0,0,0,0,0,0,0,0,0,0,0,0,0,0,64459.9,428877.48,518869.98,774107.93,889062.88,1027026.08,1191472.38,1405067.93,1724046.86,2101410.58,2214740.91,2570291.73,3034948.58,3182107.08,3427648.91,4337559.71,4586990.21,4791612.88,4899339.58,5113523.91,5248409.41,5367669.78,0,0,0,0,0,0,0,0,0,0,0,8995947.18,8995947.18,8995947.18,8995947.18,8995947.18,9116956.78,9116956.78,9116956.78,9116956.78,9116956.78,9116956.78,9116956.78,9116956.78,9116956.78,9116956.78,9116956.78,9116956.78,9116956.78,9116956.78,9116956.78,9116956.78,9116956.78,9116956.78,9116956.78,9116956.78,9116956.78,9116956.78,9116956.78,9116956.78,9116956.78,9116956.78,9116956.78,9116956.78,9116956.78,9116956.78,9116956.78
109102,0,65470,86360,185090,185080,298145.95,298145.95,324135.95,345115.95,2398927.63,2402557.63,2450084.63,2450084.63,2457934.63,2508539.13,2518634.13,2582651.21,2585251.21,2603595.53,2620166.65,2573978.16,2579373.46,2660433.46,2759785.4,2811694.88,2870655.89,2891630.89,2909730.89,2909730.89,2932928.39,2932928.39,2949300.39,2985660.31,2985660.31,3026394.04,3059565.23,3059565.23,3120694.23,3145146.19,3178615.86,3178615.86,3206110.07,3225985.06,6785334.92,6886143.74,6900323.74,6914771.74,6979133.91,7036763.08,7066026.41,7186006.41,7195352.64,7308345.81,7343319.81,7357299.81,7417454.81,7478417.54,7682931.51,7727270.45,7802781.49,7852867.49,7931069.87,7930274.87,7930274.87,7977648.35,7984648.35,8082233.35,8123708.35,8163401.46,8163401.46,8185588.46,8212404.46,8267519.46,8354234.46,8319187.01,8525276.63,8583591.63,8611495.63,8614500.63,8622195.63,8636405.63,8662859.63,8669269.63,8787918.88,9157533.88,9139249.58,9185433.22,9308871.22,9321958.22,9733542.22,9872120.95,9797818.95,10241154.98,10734774.95,10832958.95,10893323.95,11269463.95,11282557.95,11428560.95,11496680.95,11592203.99,11549323.99,11601841.99,11607157.44,11824525.34,7984021.1,7984021.1,8022488.84,8022488.84,8036036.09,8336793.09,8528457.58,8551325.58,8589707.58,8589707.58,8597599.58,8597599.58,8653516.58,8658466.58,8821555.67,8865131,9004556,9016157,9102046,9105016,9137836,9245978,9310458.04,9321041.04
109103,0,0,0,0,0,0,0,0,0,0,0,0,0,0,0,0,0,0,0,0,0,0,0,0,0,0,0,0,0,0,0,0,0,0,0,0,0,0,0,0,0,0,0,0,0,0,0,0,0,0,0,0,0,0,0,0,0,0,0,0,0,0,0,0,0,0,0,0,0,0,0,0,0,0,0,0,0,0,0,0,0,0,5487294.88,5817714.73,5822375.73,6305036.15,6329179.88,7661042.43,7666042.43,7798067.84,8032327.33,8198712.56,8329150.34,0,0,0,0,0,0,0,0,0,0,0,0,0,0,0,0,0,0,0,0,0,0,0,0,0,0,0,0,0,0,0,0,0,0,0,0
109104,0,0,0,0,0,0,0,0,0,0,0,0,0,0,0,0,0,0,0,0,0,0,0,0,0,0,0,0,0,0,0,0,0,0,0,0,0,0,0,0,0,0,0,0,0,0,0,0,0,0,0,0,0,0,0,0,0,0,0,0,0,0,0,0,0,0,0,0,0,0,0,0,0,0,0,0,0,0,0,0,0,0,0,0,0,0,3888,0,0,0,0,0,0,0,0,0,0,0,0,12150,22442.13,22442.13,20367.13,20367.13,94112.5,178150,178150,178150,10075,146182,105000,6300,37077,4200,4200,4200,4200,4200,4200,4200,5665,5150,4200,4200,4200,2100,2100,2100,2100
110101,0,0,71415.35,222258.55,380101.35,401391.65,401391.65,401391.65,401391.65,401391.65,401391.65,401391.65,401391.65,401391.65,401391.65,401391.65,401391.65,401391.65,401391.65,401391.65,401391.65,4340589.53,4340589.53,4340589.53,4340589.53,4340589.53,4433105.63,4493721.63,4493721.63,4493721.63,4493721.63,4493721.63,4493721.63,8433721.63,8433721.63,8433721.63,8433721.63,8433721.63,8433721.63,8450904.13,8455904.13,8475029.13,8475029.13,8510071.13,8510071.13,8510071.13,8510071.13,8510071.13,8510071.13,8538821.13,8575571.13,8596571.13,8639861.13,8639861.13,8648861.13,8648861.13,8648861.13,8648861.13,8648861.13,8686361.13,8731011.13,8731011.13,8731011.13,8731011.13,8776909.33,8731011.13,8731011.13,8731011.13,8731011.13,8731011.13,8731011.13,8731011.13,8731011.13,8731011.13,8731011.13,8731011.13,8731011.13,8742806.13,8742806.13,8742806.13,8742806.13,8834098.33,8834098.33,8919848.33,9030468.02,9030468.02,9030468.02,9030468.02,9030468.02,9030468.02,9030468.02,9030468.02,9030468.02,9065643.02,9065643.02,9065643.02,9065643.02,9065643.02,9065643.02,9175743.02,9545906.52,9545906.52,9610906.52,9610906.52,9610906.52,9095344.57,9095344.57,9095344.57,9263419.57,9158532.42,9158532.42,9158532.42,9158532.42,9158532.42,9158532.42,8898974.98,8898974.98,4835124.88,4835124.88,4990796.83,4990796.83,4990796.83,4990796.83,4990796.83,4990796.83,4990796.83,4990796.83,4990796.83,4990796.83
110102,0,0,0,0,0,0,0,0,0,0,0,0,0,0,0,0,0,0,0,0,0,0,0,0,0,0,0,0,0,0,0,0,0,0,0,0,0,0,0,0,0,0,0,0,0,0,0,0,0,0,0,0,0,0,0,0,0,0,0,0,0,0,0,0,0,0,0,0,0,0,0,0,0,0,0,0,0,0,0,0,0,0,0,0,0,0,0,0,0,0,0,0,0,0,0,0,0,0,0,0,0,0,0,0,0,0,0,0,0,0,0,0,0,0,0,0,0,0,0,0,0,0,0,0,0,0,0,0,0
110103,0,0,10274.5,16549,9823.5,3250,27260,27090,25570,24050,11700,31450,31450,31450,31450,31450,31450,31450,35862.2,53356.77,37923.34,32446,41914,35295,93272.5,88806,96280.01,73246.83,38141.01,21610.17,17910.67,76236.27,85910.2,77156.7,46898.77,38985.27,30753.27,22521.27,29021.27,29021.27,29021.27,29021.27,29021.27,69557,49622.5,36838,36838,22739.9,10184.5,9173.6,24590.2,27579.01,26285.79,20190.13,32094.75,44927.88,18659,3500,34921.69,59421.69,56921.69,49121.69,41321.69,33521.69,25721.69,17921.69,10500,8500,6000,3500,3500,3500,3500,3500,3500,3500,3500,5328.71,28413.66,26663.86,19475.18,18861.88,42504.73,22539.24,79524.81,97087.71,86188.28,92439.09,95565.29,96422.67,88965.17,163721.74,150118.25,169896.75,151568.1,134666.35,202004.06,181836.73,180339.45,152903.52,240766.63,236731.7,203220.34,262130.34,229393.39,212001.59,247543.37,222013.87,188477.01,276307.41,387043.99,384602.67,362245.69,395806.84,347786.98,347577.59,294162.27,228430.05,315898.08,324354.93,293368.69,263892.53,283347.47,360012.04,322162.78,256614.16,218061.96,319788.64,274921.7
113106,0,0,0,0,0,0,0,0,0,0,0,0,0,0,0,0,0,0,0,0,0,0,0,0,0,0,0,0,0,0,0,0,0,0,0,0,0,0,0,0,0,0,0,0,0,0,0,0,0,0,0,0,0,0,0,0,0,0,0,0,0,0,0,0,0,0,0,0,0,0,0,0,0,0,0,0,0,0,0,0,0,0,0,0,0,0,0,0,0,0,0,0,0,0,0,0,48702,43934,38510,44900,44900,44900,54560,57707.5,59627.5,76127.5,72852.5,72383.5,72201.34,77141.34,76441.34,82441.34,78081.34,76181.34,74721.34,71441.34,63413.5,81713.5,76363.5,75233.5,77213.5,73803.5,69387.5,61650,56515,53775,45082.58,43462.58,49242.58
1999,0,0,0,0.01,0.01,0.01,0.01,0.01,0,0,0,0,0.01,0.02,0.02,0,0,0,0,0,0,0,0,0,0,0,0,0,0,0.01,0.01,0.01,0.01,0,0,0,0,0,0,0,0,0,0,0,0,0,0,0,0,0,0,0,0,0,0,0,0,0,0,0,0,0,0,0,0,0,0,0,0,0,0,0,0,0,0,0,0,0,0,0,0,0,0,0,0,0,0,0,0,0,0,0,0,0,0,0,0,0,0,0,0,0,0,0,0,0,0,0,0,0,0,0,0,0,0,0,0,0,0,0,0,0,0,0,0,0,0,0,0
201103,-75000,-150000,-150000,-150000,-150000,-150000,-195000,-150000,-150000,-150000,-150000,-203869.25,-212141.97,-212141.97,-212141.97,-212141.97,-362141.98,-362141.98,-389141.97,-432141.97,-482141.99,-739682.27,-801128.46,-845050.25,-885050.25,-935050.25,-1109491.34,-1109491.34,-1109491.34,-1109491.34,-1109491.34,-1153809.2,-1203809.2,-876200.16,-907977.17,-939016.45,-939016.45,-1099096.62,-1128876.38,-1147264.3,-1155612.48,-1168802.42,-1246763.11,-1246763.11,-1267548.25,-1045431.6,-1045431.6,-1145431.6,-1220431.59,-1370431.6,-1520431.6,-1670431.59,-1820431.6,-1484661.16,-1634661.16,-1784661.16,-1934661.16,-1631443.38,-1781443.38,-1931443.38,-2081443.38,-2231443.38,-2381443.38,-2531443.38,-2681443.38,-2831443.38,-2981443.38,-2631918.9,-2781918.9,-2931918.68,-3106918.68,-3281918.68,-3506918.68,-3731918.68,-4106918.68,-4331918.68,-4481918.68,-4756918.68,-4048169.22,-4298169.22,-4598169.22,-4375730.07,-4675730.07,-4975730.07,-4637066.66,-4937066.66,-5237066.66,-4546867.21,-4846867.21,-5146867.21,-5446867.21,-5746867.21,-5343101.69,-4844209.43,-5144209.43,-5444209.43,-5000874.08,-5300874.08,-5600874.08,-6050874.08,-6350874.08,-6850874.08,-7490874.08,-8385539.59,-9050040.52,-10720046.58,-11120046.58,-11620046.58,-12035046.58,-12435046.58,-12835046.58,-13135046.58,-12444061.86,-12976557.01,-13376557.01,-13776557.01,-13776557.01,-11644429.08,-11644429.08,-11944429.08,-12244429.08,-12973977.26,-14023977.26,-14023977.26,-14323977.26,-15107977.26,-15857977.26,-17107977.26,-18170960.54
201104,0,0,0,0,0,0,0,0,0,0,0,0,0,0,0,0,0,0,0,0,0,0,0,0,0,0,0,0,0,0,0,0,0,0,0,0,0,0,0,0,0,0,0,0,0,0,0,0,0,0,0,0,0,0,0,0,0,0,0,0,0,0,0,0,0,0,0,0,0,0,0,0,0,0,0,0,0,0,0,0,0,0,0,0,0,0,0,0,0,0,0,0,0,0,0,0,0,0,0,0,0,0,0,0,0,0,0,0,0,0,0,0,0,0,0,0,0,0,0,0,0,0,0,0,0,0,0,0,0
202109,0,-1171.82,-2343.64,-6040.7,-10220.24,-17776.73,-24994.77,-32709.31,-40636.36,-96917.55,-152828.45,-210099.76,-267371.07,-324860.43,-383480.47,-445180.47,-510463.47,-570484.46,-631302.48,-682519.4,-724564.41,-785949.34,-848704.65,-913915.6,-980745.06,-1049422.65,-1120068.85,-1191217.83,-1262366.81,-1334160.16,-1405953.51,-1478201.64,-1551459.77,-1624717.9,-1699107.53,-1765968.05,-1841495.22,-1918261.76,-1992497.63,-2067373.85,-2144886.29,-2220184.57,-2287943.39,-2361365.11,-2437007.3,-2568489.44,-2568489.44,-2713988.48,-2787729.81,-2862361.56,-2938034.54,-2999702.23,-3075079.83,-3151318.1,-3227435.14,-3303806.97,-3380577.35,-3458551.87,-3540337.06,-3619919.94,-3700129.19,-3751585.84,-3802565.94,-3853416.98,-3906585.79,-3959185.51,-4014790.79,-4070755.24,-4126687.3,-4170587.29,-4214939.7,-4284292.11,-4344701.38,-4405156.88,-4503742.77,-4447614.46,-4501001.79,-4561977.64,-4624069.26,-4685374.5,-4744065.81,-4803008.07,-4861189.37,-4920655.17,-4979923.8,-5010486.86,-5074504.74,-5140099.28,-5204448.41,-5268377.17,-5337250.66,-5336879.74,-5413133.59,-5491170.49,-5626419.3,-5777041.78,-5913318.42,-6052677.94,-6218097.74,-6377786.3,-6540312.36,-6657962.95,-6820053.59,-6973169.28,-7125194.99,-3427061.38,-3601040.45,-3774292.68,-3948236.75,-4086964.36,-4148318.07,-4321310.1,-4496682.46,-4672143.62,-4848612.6,-5024164.93,-5199546.89,-5340614.82,-5570654.36,-5798815.55,-6027527.7,-6254353.13,-6483834.77,-6711723.15,-6941595.59,-7170677.05,-7399547.53,-7630138.79,-7863616.87
203110,0,0,0,-1809.24,-8144.26,-14834.12,-21523.98,-28213.84,-34548.86,-41593.56,-48283.42,-54973.28,-61663.14,-68353,-75042.86,-81732.72,-88422.58,-95112.44,-101802.3,-108492.16,-115182.02,-121871.88,-161388.39,-200904.9,-240421.41,-279937.92,-320996.36,-363065.07,-405133.78,-447202.49,-489271.2,-531339.91,-573408.62,-615477.33,-690379.37,-765281.41,-840183.45,-915085.49,-989987.53,-1064889.57,-1140161.32,-1215433.08,-1294357.58,-1370532.11,-1446706.65,-1522881.18,-1522881.18,-1675230.25,-1751404.78,-1828058.48,-1905324.7,-1982940.93,-2061022.8,-2139360.51,-2218104.06,-2296591.75,-2375079.46,-2453567.17,-2532054.88,-2611167.57,-2691024.45,-2705221.36,-2718228,-2728790.6,-2737417.45,-2744159.53,-2751666.58,-2759173.63,-2766680.68,-2774187.73,-2781694.78,-2814201.83,-2834208.88,-2854215.94,-2874222.99,-2894230.04,-2914351.67,-2934243.68,-2954643.88,-2974847.51,-2995051.06,-3534406.23,-3556121.35,-3579285.7,-3604283.64,-3629281.64,-3652737.65,-3675183.42,-3697629.19,-3720074.98,-3742520.74,-3764966.51,-4499088.95,-4910665.2,-5125218.84,-5215750.86,-5306282.88,-5396814.91,-5487346.95,-5577878.95,-5676045.65,-5773893.61,-5872824.9,-5971172.15,-6069519.41,-5523281.04,-5623550.15,-5723819.25,-5826889.71,-5837355.74,-5985305.17,-6132904.61,-6279898.21,-6426891.81,-6573735.41,-6409110.08,-6504042.19,-3078076.02,-3143301.8,-3207902.59,-3271759.2,-3340804.88,-3407256.03,-3473707.18,-3540158.32,-3606609.48,-3673060.62,-3739511.77,-3805962.91
301102,-58030.66,-54591.25,-47591.25,-43841.25,-38220.73,-10571.67,-10571.68,-45642.68,-46742.68,-31770.68,-17058.55,-29178.55,-56383.55,-36037.75,-40110.43,-40544.17,-43157.67,-46141.06,-72376.42,-47889.88,-49280.71,-66489.71,-73345.38,-67529.52,-69579.41,-86974.7,-99824.36,-120836.36,-134457.27,-130281.39,-130671.89,-140189.96,-141114.17,-177294.73,-187502.83,-185120.48,-192466.85,-292028.47,-358631.58,-304449.75,-204956.88,-220929.42,-224209.63,-267350.71,-234763.64,-233471.19,1146.84,-485935.7,-329844.94,-335585.5,-274622.09,-322569.13,-374166.44,-413336.41,-464855.29,-418941.3,-382158.48,-423534.11,-877830.08,-475193.62,-298652.11,-310948.21,-647679.4,-1129168.68,-1031613.19,-1915324.45,-2268435.48,-920868.1,-2234413.71,-1599922.62,-1390177.52,-1413042.84,-1399404.1,-2258285.66,-2520684.35,-1561437.58,-1807225.35,-2024916.45,-1696027.93,-1668412.31,-2232381.88,-1875378.46,-2113483.11,-3051637.44,-3383108.31,-3762470.78,-4507614.44,-5871138.48,-3560977.86,-2990870.02,-3203972.55,-4051037.72,-4579029.38,-5506621.34,-5117711.56,-3901732.34,-4052735.87,-6123817.71,-4516779.08,-4784663.11,-4265745.37,-3022631.74,-4170492.05,-5632800.71,-4240589.09,-2860566.46,-3933665.59,-3048173.55,-3416807.41,-5323979.55,-4733137.28,-4681937.35,-4922795.35,-3258137.54,-4356923.94,-5790923.16,-6048344.16,-6348897.9,-6917944.01,-6901953.03,-7410007.82,-7517170.24,-6887129.77,-7955410.85,-7623533.83,-7724099.71,-11512619.27,-11335159.57,-10666375.43
301103,-1152073.93,-1348602.82,-1722382.3,-1888132,-2748675.59,-2952669.69,-3038317.56,-3247104.33,-3654339.6,-3813210.5,-5080149.21,-6290589.84,-7282532.03,-7824289.62,-8099887.46,-9038262.47,-9992058.96,-11766012.27,-11881810.58,-14351595.43,-14526547.3,-15579523.91,-17902848.41,-18792975.55,-19382242.66,-21439458.69,-22305319.26,-24695335.7,-25650690.67,-26520817.54,-30785308.78,-30943030.44,-31724535.28,-32710493.58,-33437883.24,-32459084.62,-32000104.86,-30238747.2,-30639616.02,-29173506.01,-31461807.92,-32911803.26,-38613249.93,-43015464.82,-43643473.82,-38131903.08,-36795558.23,-37780145.35,-38472748.82,-40603442.38,-41148206.09,-40171950.03,-41651216.97,-48162485.05,-48049171.63,-48200166.68,-49452937.74,-50091375.15,-50225897.3,-48778393.98,-46872114.02,-46241002.35,-47188202.86,-50802447.5,-53382989.77,-54045067.08,-51662780.77,-52287681.97,-52638781.92,-54338847.99,-55025331.39,-55458922.6,-55672995.99,-55889681.37,-57151823.14,-57500417.82,-60970633.77,-65232524.12,-66053429.69,-66845537.17,-68788947.76,-70337117.08,-73767725.83,-74518590.06,-76678535.09,-78075091.22,-79777469.41,-79939180.06,-81995900.1,-87346816.57,-96060841.37,-96684192.66,-98515451.62,-97756359.22,-98903660.03,-97105839.64,-99345959.57,-103364838.9,-104374143.53,-104946498.4,-109991160.08,-112754076.83,-112300164.54,-114955411.05,-115039136.9,-121676111.21,-123724713.05,-125570103.81,-126109943.87,-122889977.23,-125737092.91,-128011370.95,-131989866.21,-135284861.65,-133667102.59,-135950271.18,-138091294.29,-140656547.81,-144574925.47,-147357324.29,-152125692.43,-154078378.43,-157603789.61,-162345453.38,-166661478.55,-170839506.49,-177635306.51,-179982203.85,-176697213.34
301105,0,0,0,0,0,0,0,0,0,0,0,0,0,0,0,0,0,0,0,0,0,0,0,0,0,0,0,0,0,0,0,0,0,0,0,0,0,-337341.94,-374810.53,-363667.75,-472815.1,-367251.4,-331295.99,-286594.51,-254308.67,-228252.46,-369184.79,-359740.62,-293066.06,-290745.91,-285009.53,-283746.04,-352874.39,-297218.13,-384622.36,-340565.06,-296331.84,-327101.81,-329542.57,-330589.25,-512151.81,-418216.62,-478663.54,-478488.28,-587508.26,-440223.96,-436243.87,-244803.15,-263079.08,-276334.63,-275925.53,-285016.31,-283916.38,-295285.02,-307427.55,-316959.39,-328381.93,-332047.86,-340357.68,-345683.78,-355409.62,-379477.39,-388626.5,-401986.96,-403198,-406241.35,-417620.8,-428833.08,-441906.05,-449199.88,-449814.57,-463085.1,-468433.18,-504990.77,-511767.78,-525101.91,-525194.51,-539648.95,-538919.31,-546952.74,-559263.03,-548099.25,-553250.92,-559891.29,-555368.5,-582455.31,-587665.76,-594003.39,-583019.44,-592629.52,-596542.84,-627775.99,-632804.26,-644568.87,-638869.51,-639437.05,-652380.86,-686601.48,-703888.1,-705896.26,-717062.46,-733305.12,-733005.93,-758720.84,-747523.92,-755944.31,-761315.18,-763122.8,-782117.51
301107,0,0,0,0,0,0,0,0,5.62,5.62,5.62,5.62,5.62,0,0,0,0,0,0,-0.04,-1.48,100089.53,100089.53,-1.48,-2.18,0,-19.16,0,-69.57,-49.41,0,0,-3.78,0,2348.7,-432.99,-429.66,-1412.23,0,0,0,0,53514.14,0,0,0,0,0,0,0,0,0,0,0,0,0,0,0,0,0,0,0,0,0,0,0,0,0,0,0,-0.2,0,0,0,0,0,0,0,0,0,0,0,-14333.05,0,-0.45,-0.45,-0.45,-0.45,0,0,0,0,0,0,0,0,0,0,0,0,-437.76,0,0,0,0,-460,0,0,0,0,0,0,0,0,0,-222.52,0,0,0,0,0,0,0,0,0,150000,0,0,0
301108,0,0,0,0,0,0,0,0,0,0,0,0,0,0,0,0,0,0,0,0,0,0,0,0,0,0,0,0,0,0,0,0,0,0,0,0,0,0,0,0,0,0,0,0,0,0,0,0,0,0,0,0,0,0,0,0,0,0,0,0,0,0,0,0,0,0,0,0,0,0,0,0,0,0,0,0,0,0,0,0,0,0,0,0,0,0,0,0,0,0,0,0,0,0,0,0,0,0,-25,-25,-25,-25,-25,-25,-25,-25,0,0,0,0,0,0,0,0,0,0,0,0,0,0,0,0,0,0,0,0,0,0,0
301199,-9481.14,-39188.61,-74327.93,-111497.41,-157853.17,-209810.98,-234104.12,-286459.19,-329500.66,-109317.5,-172528.09,-253636.53,-319942.58,-400685.12,-474160.03,-336115.04,-425363.96,-552657.41,-664789.66,-794917.77,-863744.19,-675243.06,-640247.53,-684850.76,-730133.14,-865365.47,-1027684.27,-817376.19,-834989.85,-998767.77,-1152807.17,-1324360.02,-1478120.1,-1056526.26,-1043503.42,-1081534.01,-1182561.92,-1272899.95,-1412865.42,-1097553.61,-1162983.86,-1390819.38,-1602161.41,-1763585.19,-1948848.06,-1464170.25,-1371104.05,-1382387.84,-1522670.45,-1594378.58,-1823808.27,-1423715.05,-1552267.19,-1720118.84,-1917627.53,-2102875.8,-2327593.04,-1843881.09,-1766839.37,-1587545.4,-1691816.43,-1880873.38,-2137987.66,-1557170.13,-1706786.51,-1811473.79,-1982198.21,-2220262.91,-2282593.24,-1743521.68,-1814023.46,-1853297.91,-2142191.85,-2343067.57,-2571123.24,-2024227.57,-2131025.54,-2347548.96,-2782728.29,-3098296.32,-3117649.44,-2360591.12,-2435019.4,-2517187.06,-2982203.27,-3340048.59,-3657387.41,-2748578.12,-2835642.29,-3072256.93,-3475521.92,-3776882.47,-4133302.17,-3179034.27,-3072990.11,-3230074.88,-3606946.58,-3992882.43,-4263922.02,-3310601.69,-3539104.38,-3765005.33,-4115178.72,-4534238.78,-4868887.13,-3701984.96,-3777899.4,-3933863.43,-4262956.52,-4656619.93,-5037176.99,-4124682.01,-4384696.08,-4606159.12,-4989224.53,-5300799.29,-5923599.49,-4513004.69,-4684858.65,-4920139.46,-5429842.59,-5888507.67,-6450002.29,-5104041.31,-5461383.22,-6047705.59,-6654271.72,-6943649.36,-7632546.84
302102,-500000,-800000,-800000,-7300000,-7233334,-10623828,-12608828,-15354665.44,-26785789.36,-29727204,-30124975.73,-30919658.17,-31620499.17,-34038833.17,-36164778.86,-40490520.27,-40316261.68,-39242003.09,-40954047.05,-41229788.46,-41055488.96,-40731271.28,-40557012.69,-40352754.1,-39028495.51,-38994236.92,-39620750.5,-39192349.34,-40029016.67,-39865684,-41691118.01,-40564966.38,-42001996.53,-41350620,-39964787.33,-44727954.66,-43192121.99,-43006445.86,-39953769.37,-41968040.74,-30904795.96,-25185325.77,-25073945.92,-25967265.02,-28593481.19,-26383706.38,-26343354.43,-25677659.77,-25634412.09,-25593004.49,-24726245.21,-24607127.59,-24487698.02,-23746565.95,-23627766.86,-28166587.27,-29433881.49,-30115054.33,-28979478.11,-32203161.58,-35943754.94,-35780960.72,-35608720.04,-32424381.21,-32246792.38,-31046844.38,-38928282.87,-40634193.69,-41307626.93,-46252164.63,-46344190.35,-47048314.54,-54582302.61,-48516292.51,-50394278.87,-53164862.15,-49907955.5,-47358788.83,-56549067.16,-58954524.07,-48615733.82,-49832457.35,-43712006.65,-47848952.86,-45939898.77,-45685732.1,-44056565.43,-48996169.27,-46742002.6,-52012835.93,-43448634.65,-46344467.98,-44865301.31,-48205579.64,-46688119.65,-51878952.98,-50969231.31,-55588035.92,-50373653.45,-45828554.86,-46360627.44,-49424326.72,-52478151.43,-51624271.46,-58485202.93,-52699069.82,-55309624.65,-54191831.02,-55250252.21,-61855905.75,-52736028.84,-51628634.1,-51753950.01,-52450007.62,-44626300.57,-48567838.92,-42551606.11,-51691046.62,-47421067.05,-41366623.83,-36602746.08,-29125919.48,-26929006.53,-27258055.41,-31999652.98,-30976101.48,-20764125.95,-21218949.7,-20449034.7
302104,0,0,0,0,0,0,0,0,0,0,0,-5650000,-8775000,-8775000,-8375000,-8000000,-8000000,-7600000,-7225000,-7225000,-6825000,-6450000,-6450000,-6050000,-5675000,-5275000,-5275000,-4900000,-4900000,-4500000,-4125000,-4125000,-4125000,-3750000,-3750000,-3750000,-3375000,-3375000,-3375000,-8730198.4,-14730198.4,-18472878.4,-18097878.4,-18097878.4,-18097878.4,-23961842.9,-23961842.9,-24035746.5,-23184137.99,-22984137.99,-22176588.39,-20324979.88,-20074979.88,-20074979.88,-19223371.37,-18973371.37,-18973371.37,-16314213.26,-16064213.26,-15440433.28,-14588824.77,-14338824.77,-14338824.77,-13963824.77,-17613824.77,-17613824.77,-17613824.77,-19763824.77,-22263824.77,-17754870.98,-17404870.98,-16097948.59,-15621340.06,-14871340.06,-14871340.06,-18871340.06,-18121340.06,-17497560.08,-17497560.08,-16647560.08,-16647560.08,-16647560.08,-15797560.08,-17173780.1,-17173780.1,-16323780.1,-16323780.1,-14923780.1,-14023780.1,-13400000,-13400000,-12500000,-12500000,-11100000,-10200000,-10200000,-10200000,-9300000,-9300000,-7900000,-7000000,-7000000,-7000000,-6500000,-6500000,-5100000,-4600000,-4600000,-4600000,-4100000,-4100000,-2700000,-2200000,-2200000,-9200000,-8700000,-15700000,-14456811,-13956811,-13956811,-13448611,-12848611,-13200621,-12500621,-11900621,-11900621,-11200621,-11200621,-11200621
302106,0,0,0,0,0,0,0,0,0,0,0,0,0,0,0,0,0,0,0,0,0,0,0,0,0,0,0,0,0,0,0,0,0,0,0,0,0,0,0,0,0,0,0,0,0,0,0,0,0,0,0,0,0,0,0,0,0,0,0,0,0,0,0,0,0,0,0,0,0,0,0,0,0,0,0,0,0,0,0,0,0,0,0,0,0,0,0,0,0,0,0,0,0,0,0,0,0,0,0,0,0,0,0,0,0,0,0,0,0,0,-7000000,-7000000,-7000000,-7000000,-7000000,-7000000,-7000000,-7000000,-14000000,-14000000,-14000000,-20000000,-19000000,-19000000,-19000000,-18000000,-18000000,-18000000,-17000000
302602,0,0,0,0,0,0,0,0,0,0,0,0,0,0,0,0,0,0,0,0,0,0,0,0,0,0,0,0,0,0,0,0,0,0,0,0,0,0,0,0,0,0,0,0,0,0,0,0,0,0,0,0,0,0,0,0,0,0,0,0,0,0,0,0,0,0,0,0,0,0,0,0,0,0,0,0,0,0,0,0,0,0,0,0,0,0,0,0,0,0,0,0,0,0,0,0,0,0,0,0,0,0,0,0,0,0,0,0,0,0,0,0,0,0,0,0,0,0,0,0,0,0,0,0,0,0,0,0,0
302603,0,0,0,0,0,0,0,0,0,0,0,0,0,0,0,0,0,0,0,0,0,0,0,0,0,0,0,0,0,0,0,0,0,0,0,0,0,0,0,0,0,0,0,0,0,0,0,0,0,0,0,0,0,0,0,0,0,0,0,0,0,0,0,0,0,0,0,0,0,0,0,0,0,0,0,0,0,0,0,0,0,0,0,0,0,0,0,0,0,0,0,0,0,0,0,0,0,0,0,0,0,0,0,0,0,0,0,0,0,0,0,0,0,0,0,0,0,0,0,0,0,0,0,0,0,0,0,0,0
302604,0,0,0,0,-6987804,-8287804,-4612125,-4612125,-4612125,-4612125,-4612125,-4149525,-4149525,-8600907.95,-10545574.62,-15794576.51,-14356140.62,-18649505.98,-18396506.01,-17826384.74,-18087740.74,-26196408.53,-25522925.17,-25318750.17,-24398899.19,-23814732.5,-23612332.5,-23260722.11,-24063387.62,-23381571.52,-23033048.13,-22987136.51,-21309873.88,-22529364.09,-31770258.29,-31467831.89,-31033665.2,-30862403.39,-26822109.54,-23155113.2,-20590959.48,-20397439.98,-19953293.71,-19780120.77,-17462946.29,-14430624.6,-14385049.72,-15263151.16,-14837344.05,-14837344.05,-21497366.55,-22274174.36,-16813209.36,-16653458.79,-16077324.81,-17441996.58,-17281509.24,-16804606.55,-11558133.9,-13693752.83,-13110635.93,-13110635.93,-13030919.86,-13030919.86,-13030919.86,-13030919.86,-13030919.86,-12564779.94,-8323573.82,-7846915.15,-7375226.62,-10038076.79,-9952337.04,-9485328.66,-7010712.71,-14513323.13,-15058419.06,-14626631.46,-14634352.02,-15225952.95,-20346423.27,-25980127.86,-25650785.34,-23018828.7,-23728086.47,-23343352.66,-24928221.88,-23820692.39,-25230623.2,-24838643.28,-25111020.03,-25708517.57,-27994247.68,-27685427.24,-27122761.97,-26735526.04,-27256119.81,-27012669.15,-26164270.77,-34178990.5,-33728774.46,-33466945.27,-35119738.67,-34742980.6,-31843555.79,-30928523.1,-30469059.55,-30210153.75,-33137367.75,-32912167.84,-31437710.06,-26191270.79,-25689459.99,-25601934.91,-30706174.71,-30572400.02,-27937502.13,-27629603.05,-27441932.32,-27333362.61,-29002518.61,-28934672.5,-27515942.79,-22029930.74,-22470875.09,-22415104,-21079457.81,-21078411.7,-20285685.26
302699,-7000,-61331.79,-225276.36,-354838.05,-463718.86,-561384.27,-686834.33,-508941.58,-566572.59,-537615.96,-656152.49,-95002.69,-190809.36,0,0,0,0,0,0,-272018.59,-166573.19,-199973.9,-197627.05,0,-39982.31,-195479.3,-32303.09,0,0,-21000,-40000,-223649.7,-248649.7,0,-25000,-25000,-11089.93,-224819.98,0,0,0,0,0,-43000,-75908.7,-50000,577669.96,-100100,-130100,-306100,-406100,-331100,-30000,-245000,-335000,-299852.31,-399852.31,-137852.31,-115200,-35000,-58000,0,0,0,-90000,-165000,-398000,-548000,-548000,-200000,-174410.97,-181337.98,-412075.38,-312075.38,-360000,-553000,-328000,-450000,-703086.4,-567632.42,-876575.54,-703293.83,-603293.83,-513293.83,-878293.83,-868293.83,-1085000,-405138.98,-405138.98,-430138.98,-700138.98,-753138.98,-928677.9,-405000,-290000,-440293.6,-601000,-756000,-765216.67,-442000,-454000,-506000,-690000,-965000,-1050000,-225000,-300000,-375000,-416000,-687620,-715000,-139373,-160000,-276000,-344956.05,-625923.02,-1058743.28,-315003.03,-340003.03,-645408.23,-337544.53,-487544.53,-393539.53,-200000,-300000,-600000,-120516.01,-370516.01,-766016.01
305101,-1209064.63,-3225750.25,-8478240.63,-6615413.17,-6884480.31,-6925626.66,-7895179.78,-9411228.35,-13319838.46,-14570265.52,-14533350.18,-9082680.38,-10282623.3,446740.11,-3891981.4,-3110878,-677739.76,-1159144.96,-1215739.75,-1378660.23,-1654432.32,-1527352.83,-1461899.14,-1169837.02,-31216.89,242579.56,-471174.44,-338003.85,-347296.96,-583882.34,-309136.97,-386279.16,-544373.88,-439219.88,-718247.94,-898686.56,-257382.89,-245535.21,-1115342.68,-1306766.85,-918289.18,-890519.18,-959633.9,-1027084.89,-974335.27,-232203.39,-113212.71,-236087.68,-269402.26,-213753.02,-287031.94,-298824.34,-306211.78,-215857.24,-221410.47,-218463.24,-625851.56,-358103.55,-583078.7,-275333.71,-282499.43,-562302.24,-625890.61,-351445.19,-730898.4,-632281,-1382725.16,-420964.51,-925281.09,-842327.49,-606884.45,-730381.66,-983319.31,-741262.34,-939923.11,-1087098.69,-1032316.21,-876708.43,-780770.55,-1041868.92,-1027402.64,-923284.98,-1079916.4,-673704.37,-539952.44,-1114477.03,-628538.81,-2479607.34,-1840296.84,-1564525.31,-1528346.99,-1360673.96,-2300483.96,-1397303.73,-1040936.78,-919702.16,-2035257.87,-1209930.62,-477035.67,-611744.13,-728054.63,-644199.63,-503546.77,-592903.24,-634696.55,-865415.76,-1275233.19,-653896.03,-479334.49,-692700.69,-795919.11,-1012993.51,-1212335.45,-650047.44,-793702.56,-737616.66,-1505378.42,-750140.39,-386394.69,-462260.71,-514874.5,-483861.91,-368690,-552414.27,-769103.29,-438341.51,-411464.56,-446555.96,-511113.03
305104,-10460,-18982.45,-108126.87,-129571.11,-131352.15,-117733.49,-110097.7,-105473.36,-100887.56,-102825.9,-93382.44,-97929.75,-99084.03,-13870.28,-86383.44,-88118.94,-79118.69,-115364.03,-63110.04,-80788.1,-90502.18,-10530.11,15088.65,10115.89,1445.69,-7809.86,-35369.19,-48715.19,-56846.78,-66713.3,12591.11,-23658.23,-49737.49,-61340.28,-7600.07,-34477.22,-49850.48,-57523.71,-63323.07,-120172.56,-120753.11,-136348.11,-156095.37,-171518.55,-79381.27,-86233.76,-89459.12,-79268.22,-106066.81,-282514.15,-307537.11,-350207.58,-431052.88,-243722.37,-379376.03,-457943.18,-548305.03,-476765.8,-430501.49,-193661.13,-234691.49,-229607.12,-230552.11,-115929.14,-118272.68,-120946.98,-142261.21,-169747.05,-220865.29,-238762.51,-115983.83,-119680.62,-127575.42,-139425.27,-137596.15,-151910.71,-163021.86,-165885.34,-180862.85,-187767.56,-207003.9,-189329.17,-205496.31,-215809.11,-219256.04,-230571.95,-217836.13,-231705.99,-221515.62,-221772.93,-232323.01,-251375.49,-38920.57,-14579.95,-18727.99,-15961.69,-27734.59,-23548.01,-17741.59,-55633.32,-40240.98,-11981.1,-17973.09,-22216.08,-18853.13,-26107.49,-8439.2,-15961.15,61537.52,-21773.45,-24585.71,-19351.96,-16176.67,-18097.81,-24972.88,-20284.22,-34156.97,-101862.72,-128371.63,-122386.58,-131862.18,-141624.23,-151669.55,-158059.81,-175177.5,-150271.23,-155548.07,-162013.45,-126665.87
305105,-118630.63,-194043.13,68281.2,-5633.63,-10963.06,-11350.63,-11470.63,-15431.94,-15751.94,-7599130.46,-7757289.78,-8414801.52,-7518176.02,-4493113.36,-7751410.64,-7755806.78,-7274810.1,-7711621.81,-7764104.28,-7759354.28,-7727340.28,123911.5,-11238.44,-12981.98,22545.81,-18781.99,2734332.69,587461.56,1037149.06,2704753.56,876424.62,477149.06,37085.81,-26851364.18,-22932602.35,-22678350.49,-23504898.25,-23441943.45,-23246734.72,-481786.38,-2443807.75,-22535,0,-3447512.35,0,-25046177.73,-28272119.76,-25272487.57,-25428143.84,-25000,-45208,-74330.45,190628.55,-137000,-77450,-87680,71382.59,-25722679.46,-26618941.05,-26902781.11,-26859369.51,0,116226.6,0,0,-20650,-30100,-50000,-20000,377207.61,14371.14,0,0,0,0,0,0,0,0,0,0,0,0,0,0,0,0,0,0,0,0,-948.99,-5141.68,-15276.64,-21886.14,-1904.99,-3817.69,-21641.72,-4545.97,-9507.42,-7031.08,-3887.69,-4527.84,-9106.92,-5828.99,-10042.54,-1319.94,-6093.94,-5303.6,-2105.73,-3508.42,-2481.16,-2943.42,-3574.84,-4058.44,-1954.24,-22759.41,-2371.94,-2482.64,-3406.04,-1516.51,-1865.61,-17359.24,-1873.51,-522.51,-821.21,-4942.85,-2762.84,-6242.14
306101,-13547.36,-39505.67,-60951.23,-309609.37,-687573.29,-780072.05,-875578.62,-1068660.74,-1019797.05,-1331494.94,-1451832.54,-1581132.91,-1779254.19,-1812008.29,-1850575.58,-1972342.72,-1344287.18,-1428910.02,-1534991.56,-1550289.54,-1581474.29,-1006008.12,-1101839.99,-1187722.31,-1254751.44,-1336141.41,-1285132.25,-1362404.42,-1132271.34,-1170385.12,-1145727.96,-1224858.64,-1311360.01,-1031911.04,-1079350.5,-1146491.64,-1238766.98,-1250632.35,-1259487.63,-1259579.5,-1023708,-1062286.41,-1074227.92,-1036724.15,-1115491.07,-846751.32,-838608.95,-951483.18,-997753.66,-1046474.35,-1098955.63,-1139407.18,-946671.82,-967160.15,-1009216.38,-1044028.77,-1089187.43,-851169.56,-1091789.83,-1244667.62,-1223368.04,-1176323.85,-1242431.98,-1337891.6,-1107391.98,-1183612.26,-1274539.09,-1410588.11,-1460499.01,-1294756.91,-1481436.85,-1612079.52,-1897000.64,-2046784.01,-2228541.46,-2345144.29,-2110204.94,-2303036.03,-2491401.68,-2488567.75,-2650880.27,-2183683.86,-2347257.79,-2567376.1,-2646362.59,-2845081.23,-3195862.79,-3574767.55,-3445045.34,-3817687.07,-4091957.26,-4368375.76,-4073387.99,-3099890.64,-3221857.04,-3498384.58,-3682173.7,-3802547.78,-3958220.99,-4395336.81,-4226233.76,-4686449.65,-4878586.73,-4727708.87,-4636120.72,-3533682.92,-3653857.84,-3926500.71,-4193004.87,-4700323.32,-5006333.98,-5159340.2,-4972100.61,-5211294.41,-5256817.54,-5363331.09,-5250502.08,-4171230.52,-4536700.18,-5132498.15,-5576920.3,-5527152.13,-5843398.93,-6286429.8,-5979445.83,-5916020.18,-6278911.78,-6199796.21,-5618319.47
307101,0,0,0,0,0,0,0,0,0,0,0,0,0,0,0,0,0,0,0,0,0,0,0,0,0,0,0,0,0,0,0,0,0,0,0,0,0,0,0,0,0,0,0,0,0,0,0,0,0,0,0,0,0,0,0,0,0,0,0,0,0,0,0,0,0,0,0,0,0,0,0,0,0,0,0,0,0,0,0,0,0,0,0,0,0,0,0,0,0,0,0,0,0,0,0,0,0,0,0,0,0,0,0,0,0,0,0,0,0,0,0,0,0,0,0,0,0,-221477.83,-597545.25,-210771.78,-811947.4,-467573.76,-1603626.14,-582260.83,-583656.7,-487232.61,-216878.58,-656973.37,-118566.03
3999,0,0,0,0,0,0,0,0,0,-0.02,-0.05,-0.05,-0.06,-0.07,-0.07,0,0,0,0,0,0,0,0,0,0,0,0,0,0,0,0,0,0,0,0,0,0,0,0,0,0,0,0,0,0,0,0,0,0,0,0,0,0,0,0,0,0,0,0,0,0,0,0,0,0,0,0,0,0,0,0,0,0,0,0,0,0,0,0,0,0,0,0,0,0,0,0,0,0,0,0,0,0,0,0,0,0,0,0,0,0,0,0,0,0,0,0,0,0,0,0,0,0,0,0,0,0,0,0,0,0,0,0,0,0,0,0,0,0
501101,-2523419.52,-3013921.06,-3401531.64,-3559179.23,-4046154.9,-4619370.92,-4795095.73,-4875326.29,-4959491.34,-5624572.32,-5119513.07,-5675270.91,-5193891.94,-5283190.33,-5461238.7,-6259188.15,-5994858.9,-5857550.61,-6145178.52,-6108391.21,-6820866.15,-7344049.01,-7706343.25,-7937082.46,-8544064.63,-8655371.73,-8986807.75,-9666545.45,-10117980.42,-10355542.49,-10445624.31,-10496402.19,-10811081.49,-11241449.8,-11105876.65,-10788025.83,-11149612.33,-11073769.2,-11318504.63,-12082939.73,-12974114.32,-12854025.89,-13978621.67,-14159762.75,-13522166.69,-13629775.59,-13993827.46,-14467049.22,-14620420.43,-15151549.5,-16786390.81,-18096026.01,-17975021.22,-17960702.99,-18610831.23,-19684478.82,-18344286.5,-19624752.71,-18781914.24,-19643382.86,-19018755.07,-19163070.44,-18983876.7,-20462449.49,-21904148.87,-20355830.99,-21539617.03,-21495188.86,-21700258.55,-22875382.66,-23286410.53,-22505418.64,-23845415.48,-24695872.2,-26383028.51,-27622147.84,-26900968.84,-26696570.36,-27172034.46,-27644069.19,-29004238.95,-29398035,-29245502.5,-28302525.16,-28968452.82,-28975453.14,-30566704.31,-32670055.25,-33653173.9,-31706786.85,-33014092.25,-31990930.96,-33260372.7,-34727723.03,-35233044.1,-34796043.76,-34051709.52,-33474753.59,-38784955.12,-42924304.02,-39728292.01,-38234898.04,-37830026.24,-36949381.98,-37768653.01,-39545533.05,-40272157.76,-40063681.19,-38604435.78,-40180843.3,-42206657.5,-43755985.46,-43307493.69,-43656916.49,-44359548.32,-45481373.58,-45503641.7,-47908167.19,-46125334.57,-45988881.38,-46880338.7,-48602294.71,-49549520.32,-51373736.07,-50959839.1,-50311816.31,-50567206.75,-50480694.19,-53297019.03
501102,-113500,-113500,-15700,-15700,-8300,-8300,-3907300,-3907300,-3904300,-5952311.68,-5952311.68,-5952311.68,-5952311.68,-8524326.48,-8523326.48,-8523326.48,-8886020.98,-7114006.18,-7114006.18,-9114006.18,-9014006.18,-12953204.36,-12828204.36,-12727204.36,-12727204.36,-12602204.36,-12502204.36,-13302204.36,-12783699.86,-12683399.86,-12558399.86,-12433399.86,-12333399.86,-12208399.86,-7488209.86,-7488209.86,-7488209.86,-7488209.86,-7488209.86,-7488209.86,-7488209.86,-7488209.86,-7488209.86,-7488209.86,-7488209.86,-7488209.86,-7488209.86,-7488209.86,-7488209.86,-7488209.86,-7488209.86,-7488209.86,-7488209.86,-7488209.86,-7488209.86,-7488209.86,-7488209.86,-7488209.86,-7488209.86,-7488209.86,-7488209.86,-7488209.86,-7488209.86,-7488209.86,-7488209.86,-7488209.86,-7488209.86,-7488209.86,-7488209.86,-7488209.86,-7488209.86,-7488209.86,-7488209.86,-7488209.86,-7488209.86,-7488209.86,-7488209.86,-7488209.86,-7488209.86,-7488209.86,-7488209.86,-7488209.86,-7488209.86,-7488209.86,-7488209.86,-7488209.86,-7488209.86,-7488209.86,-7488209.86,-7488209.86,-7488209.86,-7488209.86,-7488209.86,-7488209.86,-7488209.86,-7488209.86,-7488209.86,-7488209.86,-7488209.86,-7488209.86,-7488209.86,-7488209.86,-7488209.86,-7488209.86,-7488209.86,-7488209.86,-7488209.86,-7488209.86,-7488209.86,-7488209.86,-7488209.86,-7488209.86,-7488209.86,-7488209.86,-7488209.86,-7488209.86,-7488209.86,-7488209.86,-7488209.86,-7488209.86,-7488209.86,-7488209.86,-7488209.86,-7488209.86,-7488209.86,-7488209.86,-7488209.86,-7488209.86,-7488209.86
503101,-3915.3,-3915.3,-3915.3,-3915.3,-3915.3,-3915.3,-3915.3,-3915.3,-3915.3,-3915.3,-3915.3,-3915.3,-3915.3,-3915.3,-3915.3,-3915.3,-3915.3,-3915.3,-3915.3,-3915.3,-3915.3,-3915.3,-3915.3,-3915.3,-3915.3,-3915.3,-3915.3,-3915.3,-3915.3,-3915.3,-3915.3,-3915.3,-3915.3,-3915.3,-3915.3,-3915.3,-3915.3,-3915.3,-3915.3,-380821.46,-380821.46,-380821.46,-380821.46,-380821.46,-380821.46,-380821.46,-380821.46,-380821.46,-527649.37,-527649.37,-527649.37,-527649.37,-527649.37,-527649.37,-527649.37,-527649.37,-527649.37,-527649.37,-527649.37,-527649.37,-527649.37,-1290082.2,-1290082.2,-1290082.2,-1290082.2,-1290082.2,-1290082.2,-1290082.2,-1290082.2,-1290082.2,-1290082.2,-1290082.2,-1290082.2,-1290082.2,-1290082.2,-1290082.2,-1290082.2,-1290082.2,-1290082.2,-1290082.2,-1290082.2,-1290082.2,-1290082.2,-1290082.2,-2317429.71,-2317429.71,-2317429.71,-2317429.71,-2317429.71,-2317429.71,-2317429.71,-2317429.71,-2317429.71,-2317429.71,-2317429.71,-2317429.71,-3765069.41,-3765069.41,-3765069.41,-3765069.41,-3765069.41,-3765069.41,-3765069.41,-3765069.41,-3765069.41,-3765069.41,-3765069.41,-3765069.41,-5175972.98,-5175972.98,-5175972.98,-5175972.98,-5175972.98,-5175972.98,-5175972.98,-5175972.98,-5175972.98,-5175972.98,-5175972.98,-5175972.98,-7796415.14,-7796415.14,-7796415.14,-7796415.14,-7796415.14,-7796415.14,-7796415.14,-7796415.14,-7796415.14
503104,-1677.98,-1677.98,-1677.98,-1677.98,-1677.98,-1677.98,-1677.98,-1677.98,-1677.98,-1677.98,-1677.98,-1677.98,-1677.98,-1677.98,-1677.98,-1677.98,-1677.98,-1677.98,-1677.98,-1677.98,-1677.98,-1677.98,-1677.98,-1677.98,-1677.98,-1677.98,-1677.98,-1677.98,-1677.98,-1677.98,-1677.98,-1677.98,-1677.98,-1677.98,-1677.98,-1677.98,-1677.98,-1677.98,-1677.98,-111393.46,-111393.46,-111393.46,-111393.46,-111393.46,-111393.46,-111393.46,-111393.46,-111393.46,-174319.71,-174319.71,-174319.71,-174319.71,-174319.71,-174319.71,-174319.71,-174319.71,-174319.71,-174319.71,-174319.71,-174319.71,-174319.71,-501076.64,-501076.64,-501076.64,-501076.64,-501076.64,-501076.64,-501076.64,-501076.64,-501076.64,-501076.64,-501076.64,-501076.64,-501076.64,-501076.64,-501076.64,-501076.64,-501076.64,-501076.64,-501076.64,-501076.64,-501076.64,-501076.64,-501076.64,-941368.43,-941368.43,-941368.43,-941368.43,-941368.43,-941368.43,-941368.43,-941368.43,-941368.43,-941368.43,-941368.43,-941368.43,-1561785.44,-1561785.44,-1561785.44,-1561785.44,-1561785.44,-1561785.44,-1561785.44,-1561785.44,-1561785.44,-1561785.44,-1561785.44,-1561785.44,-2166458.4,-2166458.4,-2166458.4,-2166458.4,-2166458.4,-2166458.4,-2166458.4,-2166458.4,-2166458.4,-2166458.4,-2166458.4,-2166458.4,-3289505.04,-3289505.04,-3289505.04,-3289505.04,-3289505.04,-3289505.04,-3289505.04,-3289505.04,-3289505.04
504103,0,0,0,0,0,0,0,0,0,0,0,0,0,0,0,0,0,0,0,0,0,0,0,0,0,0,0,0,0,0,0,0,0,0,0,0,0,0,0,0,0,0,0,0,0,0,0,0,0,0,0,0,0,0,0,0,0,0,0,0,0,0,0,0,0,0,0,0,0,0,0,0,0,0,0,0,0,0,0,0,0,0,0,0,0,0,0,0,0,0,0,0,0,0,0,0,0,0,0,0,0,0,0,0,0,0,0,0,0,0,0,0,0,0,0,0,0,0,0,0,0,0,0,0,0,0,0,0,0
513101,0,0,0,0,0,0,0,0,0,-130998.21,-130998.21,-130998.21,-130998.21,-130998.21,-130998.21,-130998.21,-130998.21,-130998.21,-130998.21,-130998.21,-130998.21,-254909.71,-254909.71,-254909.71,-254909.71,-254909.71,-254909.71,-254909.71,-254909.71,-254909.71,-254909.71,-254909.71,-254909.71,-486621.64,-486621.64,-486621.64,-486621.64,-486621.64,-486621.64,0,0,0,0,0,0,-209754.16,-209754.16,-209754.16,0,0,0,0,0,0,0,0,0,-1089189.76,-1089189.76,-1089189.76,-1089189.76,0,0,0,0,0,0,0,0,-251840.84,-251840.84,-251840.84,-251840.84,-251840.84,-251840.84,-251840.84,-251840.84,-251840.84,-251840.84,-251840.84,-251840.84,-251840.84,-1467639.3,-1467639.3,0,0,0,0,0,0,0,0,0,0,0,0,0,0,0,0,0,0,0,0,0,0,0,0,0,0,0,0,0,0,0,0,0,0,0,0,0,0,0,0,0,0,0,0,0
513102,0,0,0,0,0,0,0,0,0,0,0,0,0,0,0,0,0,0,0,0,0,0,0,0,0,0,0,0,0,0,0,0,0,0,0,0,0,0,0,0,0,0,0,0,0,0,0,0,0,0,0,0,0,0,0,0,0,0,0,0,0,0,0,0,0,0,0,0,0,0,0,0,0,0,0,0,0,0,0,0,0,0,0,0,0,0,0,0,0,0,0,0,0,0,0,0,0,0,0,0,0,0,0,0,0,0,0,0,0,0,0,0,0,0,0,0,0,0,0,0,0,0,0,0,0,0,0,0,0
601101,-44973.09,-186239.92,-451243.36,-843515.09,-1384369.8,-2071963.14,-2852051.27,-3787721.58,-4808656.69,-5973820.15,-1225986.52,-2465594.1,-3813402.54,-5139908.77,-6487219.25,-7898007.34,-9684974.85,-11173169.03,-12726549.4,-14305234.61,-15909248.94,-17597792.9,-1689159.78,-3276709.93,-5000107.9,-6724665.23,-8490506.95,-10269806.59,-12055966.55,-13895697.33,-15726891.87,-17613913.5,-19516657.2,-21559819.75,-1978123.9,-3827567.94,-5611954.67,-7723916.89,-9654459.74,-11483417.78,-13326414.43,-15205708.32,-16909658.41,-18745413.96,-20556777.56,-22631563.66,-1569592.98,-3802791.24,-5749312.38,-7799444.65,-9862193.2,-12163764,-14406579.34,-16684775.32,-18910184.08,-21206902.34,-23565162.76,-25982071.55,-2413826.11,-4686991.28,-6692143.67,-8680657.86,-10652826.39,-12849551.01,-14909062.94,-16997775.83,-19135584.94,-21494927.52,-24030390.12,-26316102.42,-2597493.65,-5045840.13,-7828313.47,-10544097.78,-13249011.3,-16012364.27,-18641696.8,-21549788.91,-24357602.35,-27298863.53,-30303245.74,-33519440.09,-3075320.27,-6119903.8,-9279274.67,-12436729.15,-15769317.28,-19362715.15,-22766354.1,-26411857.48,-30027199.82,-33658347.91,-37431208.81,-41307226.91,-3950419.54,-7770105.61,-11640629.95,-15540869.8,-19676054.5,-23909770.18,-27910675.48,-32100563.86,-36351826.5,-40496213.83,-44855476.28,-49288890.24,-4526358.25,-9005500.37,-13142417.35,-17908508.82,-22430822.12,-27031397.39,-31687264.87,-36470105.8,-41239667.15,-46087975.51,-50985384.12,-55962553.03,-5086757.9,-10345659.5,-15297420.59,-20597722.7,-25920899.37,-31410228.48,-36677877.34,-42194712.58,-47581220.66,-53140780.64,-58522920.1
601102,0,0,0,0,0,0,0,0,0,0,0,0,0,0,0,0,0,0,0,0,0,0,0,0,0,0,0,0,0,0,0,0,0,0,0,0,0,0,0,0,0,0,0,0,0,0,0,0,0,0,0,0,0,0,0,0,0,0,0,0,0,0,0,0,0,0,0,0,0,0,0,0,0,0,0,0,0,0,0,0,0,0,0,0,0,0,0,0,0,0,0,0,0,0,0,0,0,-120,-120,-120,-941.85,-2457.14,-7090.6,-10534.16,-14369.5,-21208.87,-5068.25,-13711.52,-19949.16,-27746.33,-39888.8,-51832.31,-72194.95,-87252.5,-102120.8,-117158.25,-135535.19,-154371.46,-26388.81,-57982.73,-115569.56,-153582.46,-196848.84,-232317.2,-262889.12,-293283.23,-323550.87,-355939.9,-390019.19
601104,-104929.23,-225783.25,-388445.7,-546001.56,-739024.13,-911984.43,-1060125.82,-1222621.12,-1400710.3,-1506193.29,-125886.38,-265082.56,-391891.46,-510207.07,-654902.77,-799326.82,-938857.67,-1134364.22,-1299737.19,-1489043.65,-1664175.27,-1777959.65,-152280.34,-296570.61,-462561.81,-613839.28,-774941.63,-963315.14,-1147420.76,-1352961.82,-1441848.75,-1659832.57,-1878307.23,-1974471.83,-134639.89,-289106.9,-426708.35,-495779.85,-555299.5,-709515.47,-837448.77,-984720.44,-1132819.31,-1300310.08,-1504208.6,-1638601.94,-107991.55,-359120.46,-521008.64,-695291.08,-904442.45,-1097511.55,-1248702.73,-1519046.89,-1725530.53,-1949653.95,-2149761.9,-2313602.4,-207356.9,-436290.41,-536610.65,-549698.84,-577764.4,-655694.9,-793329.93,-998099.9,-1241379.04,-1450153.68,-1628560.67,-1672215.31,-171301.75,-373812.67,-605717.13,-802602.08,-995333.79,-1185175.95,-1380152.89,-1639664.86,-1862484.67,-2094467.54,-2383498.97,-2582376.75,-218840.58,-446524.06,-671581.29,-922683.1,-1202545.11,-1516285.25,-1769165.75,-2026080.54,-2267985.41,-2603605.07,-2944035.76,-3155062.4,-293955.34,-588095.55,-932219.62,-1160050.16,-1385235.36,-1724152.56,-1964545.99,-2266140.47,-2503063.34,-2693003.88,-2967450.03,-3192592.64,-273070.82,-425134.82,-692155.92,-916967.43,-1182628.41,-1471539.33,-1734452.89,-2004207.32,-2233978.81,-2584778.71,-2966656.46,-3262725.15,-352074.18,-693947.3,-979753.78,-1226853.62,-1498375.88,-1754777.02,-2050595.42,-2354396.04,-2558846.2,-2821357.87,-3044134.96
602101,-1620,-4110,-7520,-13190,-17310,-20210,-24080,-27170,-30140,-33590,-2590,-5810,-8120,-10150,-12350,-14970,-17210,-20090,-22605,-24835,-26065,0,-1730,-3580,-5080,-6130,-7830,-9950,-11420,-13530,-14650,-16830,-17990,-19450,-1660,-3330,-5335,-5985,-5985,-7825,-9835,-11375,-12475,-13385,-14915,-16635,-510,-2560,-3945,-4785,-4985,-5685,-6785,-8305,-9105,-9905,-11215,-12605,-840,-2508,-2908,-2908,-2908,-3308,-3708,-4208,-5008,-5408,-5708,-5708,-1000,-2210,-2820,-3220,-3620,-4020,-4820,-5770,-6570,-7170,-8270,-8770,-500,-2200,-3220,-3980,-4280,-4580,-5190,-5790,-6465,-7185,-7685,-8205,-737.64,-1637.64,-1837.64,-2037.64,-2337.64,-2737.64,-3147.64,-3447.64,-3847.64,-4057.64,-4382.64,-4682.64,-200,-200,-635.05,-2311.7,-4915.79,-7807.35,-11285.77,-14835.41,-18436.39,-22464.59,-27469.94,-31571.17,-4731.51,-8674.69,-12506.88,-16915.35,-21041.63,-21141.63,-28903.53,-32782.21,-36120.25,-39135.65,-42641.17
602105,0,0,0,0,0,0,0,0,0,0,0,0,0,0,0,0,0,0,0,0,0,0,0,0,0,0,0,0,0,0,0,0,0,0,0,0,0,0,0,0,0,0,0,0,0,0,0,0,0,0,0,0,0,0,0,0,0,0,0,0,0,0,0,0,0,0,0,0,0,0,0,0,0,0,0,0,0,0,0,0,0,0,0,0,0,0,0,0,0,0,0,0,0,0,0,-70,-70,-70,-70,-70,-70,-70,-70,-70,-70,-70,0,0,-75,-75,-75,-75,-75,-150,-220,-220,-550,-740,-215,-425,-755,-945,-1230,-1525,-2065,-2485,-3045,-3465,-4235
602106,0,0,0,0,0,0,0,0,0,0,0,0,0,0,0,0,0,0,0,0,0,0,0,0,0,0,0,0,0,0,0,0,0,0,0,0,0,0,0,0,0,0,0,0,0,0,0,0,0,0,0,0,0,0,0,0,0,0,0,0,0,0,0,0,0,0,0,0,0,0,0,0,0,0,0,0,0,0,0,0,0,0,0,0,0,0,0,0,0,0,0,0,0,0,0,0,0,0,0,0,-92500,-92500,-92500,-92500,-92500,-92500,0,0,0,0,0,0,0,0,0,0,0,0,0,0,0,0,0,0,0,0,0,0,0
604103,0,0,0,0,0,0,-42.28,-79.18,-79.18,-79.18,0,0,0,-25584.67,-35754.71,-90743.61,-90743.61,-90743.61,-90891.84,-90891.84,-90891.84,-90891.84,0,0,0,0,0,0,0,0,0,-45.09,-45.09,-45.09,0,0,0,0,0,0,0,0,0,0,0,0,0,0,0,0,-99000,-99000,-99000,-99000,-99000,-99000,-99000,-99473.85,0,-293.33,-1911.67,-2005.52,-2015.67,-2015.67,-2015.67,-2015.67,-2015.67,-2015.67,-2015.67,-2015.67,0,0,0,0,0,0,-116112.65,-150653.16,-150681.74,-157320.42,-160611.46,-191961.54,0,0,-38847.34,-38847.34,-38847.34,-38847.34,-53992.9,-53992.9,-53992.9,-83132.79,-214407.43,-214407.43,-3117.74,-38076.03,-51111.77,-51111.77,-51111.77,-51111.77,-51111.77,-51111.77,-62420.97,-91280.66,-91280.66,-108651.05,-1870.73,-1870.73,-22997.15,-45788.61,-50161.42,-50161.42,-69335.95,-87688.47,-92484.6,-92484.6,-95691.36,-102050.37,0,-14026.35,-99188.31,-109241.94,-109241.94,-109241.94,-113692.1,-116361.2,-116361.2,-116361.2,-116361.2
607102,0,0,0,0,0,0,0,0,0,0,0,0,0,0,0,0,0,0,0,0,-2562.8,-2562.8,0,-122.52,-122.52,-122.52,-122.52,-122.52,-122.52,-122.52,-122.52,-122.52,-122.52,-122.52,0,0,0,0,0,0,0,0,0,0,0,0,0,0,0,0,0,0,0,0,0,0,0,0,0,0,0,0,0,0,0,0,0,0,0,0,0,0,0,0,0,0,0,0,0,0,0,0,0,0,0,0,0,0,0,0,0,0,0,0,0,0,0,0,0,0,0,-8500,-8500,-8500,-8500,-8500,0,0,0,0,-19000,-19000,-19000,-19000,-19000,-19000,-19000,-19000,0,0,0,0,0,0,0,0,0,0,0
607103,0,0,0,0,0,0,0,0,0,0,0,0,0,0,0,0,0,0,0,0,0,0,0,0,0,0,0,0,0,0,0,0,0,0,-3400,-3700,-4600,-4600,-4600,-4600,-5000,-5000,-12958.32,-13358.32,-13358.32,-13849.99,-2174.43,-5026.11,-6918.29,-8267.81,-10266.95,-14063.3,-17586.63,-21087.5,-22404.13,-79256.3,-80673.14,-81173.14,-9143.34,-9173.89,-10173.89,-13653.04,-13653.04,-19890.2,-19890.2,-20390.2,-20965.98,-21869.94,-22898.24,-26432.47,-16332.29,-16332.29,-83580.74,-94660.38,-98003.21,-98003.21,-98503.21,-99003.21,-99003.21,-100603.21,-109070.71,-113666.68,-7972.45,-21147.08,-29755.22,-32329.46,-35654.26,-40379.7,-52867.22,-78297.37,-83204.12,-90366.1,-103749.43,-104984.78,-150892.91,-172940.89,-176204.6,-180982.41,-290015.89,-444644.33,-479068.39,-479601.51,-484682.99,-484782.99,-557164.06,-597960.83,-17050,-58488.82,-84992.55,-104574.89,-159379.66,-294719.85,-411017,-473120.88,-521279.6,-643779.16,-691549.4,-709799.06,-124031.07,-213966.45,-470229.21,-538466.72,-818414.74,-862514.7,-931004.43,-941755.99,-964391.11,-974091.11,-1073219.42
607199,-1309.97,-1369.98,-2920.15,-3489.25,-6340.95,-7132.3,-7742.17,-7899.72,-8483.99,-6760.02,-1103.26,-1753.88,-10033.9,-18049.23,-20472.49,-23733.42,-29829.89,-31578.45,-34275.28,-36900.1,-51417.34,-52669.12,-1762.18,-3672.51,-4899.98,-32839.96,-38491.62,-41870.04,-122359.37,-125932.25,-226924.71,-229132.16,-241185.12,-264988.97,-2122.53,-4595.22,-7818.02,-14196.88,-46711.04,-68131.14,-81717.65,-120338.06,-257642.39,-275192.25,-299181.04,-497145.36,-1809.01,-25232.85,-29151.83,-31666.23,-121203.92,-143032.92,-144789.28,-239886.02,-242242.24,-283924.46,-326151.31,-494768.59,-2472.01,-38400.63,-164892.87,-178292.89,-186995.65,-202758.25,-211240.73,-218765.87,-224276.3,-226608.07,-236804.45,-436425.62,-22025.67,-25076.54,-60464.96,-61886.76,-256530.14,-393230,-300380.79,-336058.4,-446083.17,-477168.36,-500457.43,-635554.7,-2285.7,-6318.44,-77582.93,-107294.59,-146102.74,-221338.66,-226973.31,-261733.14,-271620.88,-282449.02,-344326.78,-399663.83,-6102.98,-48956.77,-111999.39,-117895.33,-127551,-166402.65,-203511.91,-218245.04,-225439.98,-229496.86,-264740.96,-429476.89,-39379.13,-84223.9,-109858.3,-140346.49,-166747.48,-184356.59,-237547.68,-281964.23,-334243.69,-359108.67,-387302.82,-473824.02,-75830.59,-131601.46,-176627.28,-217640.62,-245255.41,-265372.86,-333430.57,-351605.25,-419286.19,-528048.62,-554806.08
613102,0,0,0,0,0,0,0,0,0,0,0,0,0,0,0,0,0,0,0,0,0,0,0,0,0,0,0,0,0,0,0,0,0,0,0,0,0,0,0,0,0,0,0,0,0,0,0,0,0,0,0,0,0,0,0,0,0,0,0,0,0,0,0,0,0,0,0,0,0,0,0,0,0,0,0,0,0,0,0,0,0,0,0,0,0,0,0,0,0,0,0,0,0,0,0,0,0,0,0,0,0,0,0,0,0,0,0,0,-100,-625,-1025,-1275,-8925,-9150,-9700,-9825,-9950,-14950,-875,-1200,-1400,-1500,-1900,-2100,-5325,-5525,-5725,-6225,-6325
701101,16481.14,108479.87,325242.73,494376.5,735256.96,1002172.7,1333114.13,1643145.56,2006905.29,2277820.79,480200.22,808967.74,1377183.15,1887006.37,2407062.8,3068860.99,3819675.76,4531934.71,5246970.13,5972431.34,6717364.13,7344664.66,800766.83,1499129.48,2259214.57,3027771.45,3753902.02,4527305.32,5438118.69,6386992.21,7263222.02,8228195.56,9141707.46,10104588.15,960776.16,1939423.6,2802804.43,3679755.24,4492013.64,5396283.81,6283410.47,7227785.47,8189982.71,9153726.2,10020039.25,11467186.73,365654.53,2119089.59,3016188.69,3978048.6,4958853.99,6001883.19,6981370.13,8065575.74,9039071.17,10083617.49,11193651.25,12265844.61,1095751.99,1955363.78,2855343.47,3695722.46,4574976.57,5653562.87,6608808.23,7654998.4,8711465.46,9916415.87,11232423.78,12002655.45,1188973.85,2172988.79,3324431.46,4496766.39,5636230.7,6851170.55,7973490.37,9299002.92,10548069.87,11837315.27,13203354.3,14720935.54,1329669.57,2544437.55,3974063.08,5355433.2,6794426.19,8199532.31,9615070.2,11074090.88,12508773.07,13978341.76,15501029.2,17063092.81,1364805.4,2816416.69,4364120.51,5919352.07,7597425.15,9311706.5,10843039.6,12378104.56,14030313.64,15802449.01,17559572.58,19199874.19,1720002.75,3335070.79,5086548.7,6966352.24,8817796.19,10774512.05,12492644.34,14365629.06,16202661.03,18187006.83,20413429,22217069.28,1833604.35,3768264.68,5633050.05,7525682.18,9690895.23,12114866,14162097.2,16240311.32,18438510.76,20605389.99,22903760.34
701102,0,4500,41193.78,66193.78,66793.78,79078.7,99093.7,127323.1,142512.95,153636.91,15797.1,31011.05,31285.05,78209.29,101221.43,173112.18,174448.64,217822.04,232872.56,273548.23,287333.65,364261.5,11874.05,12985.06,14203.35,36430.78,57360.11,80965.6,115291.2,152898.24,233102.17,256552.38,257838.24,322249.39,57480.12,58808.44,107154.77,107672.88,142676.59,158667.14,170365.98,222717.44,238141.18,250567.6,251146.11,0,742.2,2896.61,43017.45,43782.97,118828.66,135094.9,136604.74,137180.9,138521.67,175489.28,226259.56,236992.37,7167.29,30775.77,33876.74,44004.55,44684.18,80910.88,115951.39,116733.86,168253.94,169705.21,170497.71,181478.14,11458.45,48880.83,50013.92,51260.13,60081.49,246044.28,260072.04,261320.04,261320.04,274847.94,330240.11,389679.97,2671.7,4135.83,15347.44,17634.74,38131.92,49535.26,51593.05,91183.15,92388.79,109199.69,149868.71,172219.98,1681.03,2816.98,17915.8,19642.79,45901.53,204660.22,206200.9,235026.44,263564.11,264395.01,265222.3,284325.85,883.12,1530.69,41831.04,42475.13,43117.35,72061.53,91347.2,129294.24,330451.03,332639.05,333278.67,336787.09,446.74,893.24,42596.65,43042.19,43873.44,55146.97,55759.95,56001.53,58018.7,83118.7,83968.9
701103,0,0,0,0,0,0,0,0,0,0,0,0,0,0,0,0,0,0,0,0,0,0,0,0,0,0,0,0,0,0,0,0,0,0,0,0,0,0,0,0,0,0,0,0,0,0,0,0,0,0,0,0,0,0,0,0,0,0,0,0,0,0,0,0,0,0,0,0,0,0,0,0,0,0,0,0,0,0,0,0,0,0,0,0,0,0,0,0,0,0,0,0,0,0,0,0,0,0,0,0,0,0,0,0,0,0,25000,50000,50000,60000,85000,95000,95000,95000,105000,115000,130000,145000,152500,305000,457500,610000,762500,915000.5,1067500.5,1220000.5,1372500.51,1525000.51,1525000.51
702101,0,0,0,0,0,0,0,0,0,0,0,0,0,0,0,0,0,0,0,0,0,0,0,0,0,0,0,0,0,0,0,0,0,0,0,0,0,0,0,0,0,0,0,0,0,0,0,0,0,0,0,0,0,0,0,0,0,0,0,0,0,0,0,0,0,0,0,0,0,0,0,0,0,0,0,0,0,0,0,0,0,0,0,0,0,0,0,0,0,0,0,0,0,0,0,44.01,44.01,44.01,44.01,272.85,479.21,1318.12,2699.2,4342.97,5576.66,6702.13,1445.08,2812.69,4202.41,5738.03,9035.02,11649.31,14943.85,18287.46,21985.08,27186.73,32068.73,37148.13,6266.45,11728.51,17831.41,24626.81,30973.87,37488.62,43046.78,49162.48,55843.98,61845.21,67012.26
702102,0,0,0,0,0,0,0,0,0,0,0,0,0,0,0,0,0,0,0,0,0,0,0,0,0,0,0,0,0,0,0,0,0,0,0,0,0,0,0,0,0,0,0,0,0,0,0,0,0,0,0,0,0,0,0,0,0,0,0,0,0,0,0,0,0,0,0,0,0,0,0,0,0,0,0,0,0,0,0,0,0,0,0,0,0,0,0,0,0,0,0,0,0,0,0,978.28,5665.6,10219.12,14964.88,19769.99,25639.89,32917.2,40332.07,48527.49,56213.33,64530.84,9292.58,17672.22,26597.13,36009.56,47294.84,57781.94,70647.57,82166.08,94692.84,107092.41,121070.44,140930.01,20156.5,39802.32,59404.41,80898.03,101004.91,101004.91,148705.28,173797.74,198992,228717.34,266302.4
704101,0,0,193,193,193,4243,4243,4243,4243,8700.57,0,0,0,0,0,0.06,0.06,0.06,0.06,0.06,0.06,187.41,1.74,1.74,1.74,1.74,1.74,1.74,29376.61,29376.61,29376.61,29376.61,29376.61,29376.61,0,0,0,0,0,0,0,0,0,0,0,0,0,0,24038.97,24038.97,24038.97,96977.66,96977.66,99611.79,146111.76,156111.76,166111.76,222735.77,10147.35,23926.56,56922.69,56922.69,57935.82,61057.41,61057.41,61057.41,63160.8,75135.52,99122.48,251770.22,3082.91,3851.45,93187.74,94387.74,97782.17,97850.92,105109.42,106342.28,106382.28,109496.42,109496.42,121589.92,16407.66,35176.48,35176.48,41271.27,54938.75,107572.21,107572.21,109538.42,202303.16,202303.16,202303.16,378960.08,0,0,0,5872.15,30383.14,49211.32,73494.44,76522.12,76522.12,76522.12,80168.34,80168.34,0,12317.9,12317.9,12317.9,12317.9,18495.03,18495.03,18495.03,18495.03,20438.03,20438.03,20438.03,17442.25,17442.25,17442.25,17442.25,96105.3,117856.51,117856.51,117856.51,120501.38,131134.82,132863.64
704103,0,0,0,0,0,0,0,0,0,0,0,0,0,0,0,0,0,0,0,0,0,0,0,0,0,0,0,0,0,0,0,0,0,0,0,0,0,0,0,0,0,0,0,0,0,0,0,0,0,0,0,0,0,0,0,0,0,0,0,0,0,0,0,0,0,0,0,0,0,0,0,0,0,0,0,0,0,0,0,0,0,0,0,40,80,120,160,200,200,200,200,240,240,240,0,0,0,0,0,0,80,80,80,80,1030,1030,0,0,0,0,0,0,0,0,0,0,40,80,0,0,0,0,40,80,80,80,80,80,120
706101,0,0,32460.37,52232.77,60843.52,87422.72,118264.72,180179.52,207933.02,288920.72,37706.74,67446.24,97476.24,123671.24,157024.93,186867.48,243268.64,271530.64,298334.64,364108.44,406119.24,455879.37,21325.5,55773.8,102117.48,138928.98,185491.19,203690.94,315433.8,353624.32,390244.82,463544.18,519004.54,604950,19401,37378.75,67490.3,107474,140613.13,202686.72,238516.29,289009.51,336249.26,385524.48,497141.26,542738.27,500,47024.5,91451.9,143695.24,216974.94,310677.94,417473.94,501642.94,606655.94,713562.44,771616.96,857220.86,79818,158870.54,225456.54,245081.54,269706.54,293952.54,351102.54,409823.33,459398.33,503098.33,560497.13,584802.63,57125,140951,274407.05,357881.15,422346.65,482367.86,575221.66,747976.96,840160.35,945719.32,1026641.11,1228546.89,130270.05,240223.56,316320.15,416801.95,580129.95,804789.14,958017.14,1188209.52,1335741.95,1502250.94,1652284.1,1704877.1,216419.51,379169.51,506238.51,632628.51,885643.51,1123359.91,1319748.7,1576812.7,1773702.7,1547944.16,1656659.16,1701174.16,195390,409709.63,548224.63,693614.63,840931.53,997213.5,1131229.29,1244624.14,1378364.14,1507757.82,1602172.82,1650437.82,169665,413331.66,558855.28,680720.54,737593.87,851696.57,1011850.92,1112639.18,1201664.41,1290601.21,1351255.88
706102,15666.55,92109.88,156944.33,267758.56,342320.09,398530.13,492576.73,606562.62,733506.94,921835.77,197159.98,380300.79,568002.24,770178.05,1109688.6,1386768.04,1648347.9,1871178.61,2120456.79,2343072.4,2569113.2,2815118.92,212795.42,441092.5,646791.42,884160.11,1083994.55,1373699.33,1548122.49,1779950.17,2008125.47,2269024.11,2485186.05,2705967.35,200028.13,407642.83,612217.59,830345.49,1072048.63,1272056.25,1487778.01,1709253.49,1896279.24,2129531.44,2371004.58,2576750.47,153,364489.18,599686.04,793285.02,1032990.47,1226378.76,1450491.27,1758861.55,1974882.2,2212210.9,2432317.95,2629713.97,264315.83,539765.42,755353.6,965419.07,1166939.22,1394400.53,1589696.31,1801318.71,2066015.3,2277659.95,2486219.23,2876262.53,269145.37,488635.02,799835.86,1091165.51,1383343.4,1658815.63,1954486.37,2211228.23,2505570.87,2804903.62,3084107.34,3377180.58,337607.88,653148.08,990870.97,1300319.91,1661330.52,2077036.45,2451288.26,2854178.24,3196349.47,3642509.78,4073749.56,4481032.46,465132.74,861747.36,1304648.78,1714055.97,2128557.1,2561998.5,2974835.42,3470909.48,3897059.26,4341885.4,4799653.55,5193247.24,432072.55,868501.69,1314783.15,1759267.08,2266726.64,2728223.01,3242792.09,3710792.44,4167787.08,4646986.49,5097942.68,5624438.26,455606.36,1022222.39,1501360.03,1996692.3,2481007.61,3038780.25,3585155.9,4100460.86,4604368.09,5146944.13,5685580.24
706103,0,0,0,0,0,0,0,0,0,0,0,0,0,0,0,0,0,0,0,0,0,0,0,0,0,0,0,0,0,0,0,0,0,0,0,0,0,0,0,0,0,0,0,0,0,0,0,0,0,0,0,0,0,0,0,0,0,0,0,0,0,0,0,0,0,0,0,0,0,0,0,0,0,0,0,0,0,0,0,0,0,0,0,0,0,0,0,0,0,0,0,0,0,0,12000,12000,12000,12000,12550,12550,12550,12550,12575,12575,13385,13385,105,305,305,317,317,382,382,382,382,382,412,412,0,0,0,130,630,630,630,630,630,630,630
706104,0,3000,6000,25143,30193,36128,67618,75026.33,75476.33,96294.44,400,46864.98,56219.98,61784.37,107561.94,115314.44,145974.44,146748.44,187267.36,223514.16,225194.16,236455.8,14102.27,34594.04,51194.04,55394.04,67069.04,68394.04,69069.04,75269.04,97082.04,117405.84,128790.89,177127.39,9300,10000,37201.22,47051.22,61980.22,95698.51,121377.65,130164.4,134759.32,143592.72,154162.03,158185.18,9500,29988.61,68804.91,82766.69,102148.39,106783.39,112233.39,114333.39,138833.39,153493.39,162493.39,177876.04,17225,85978.34,116583.91,116583.91,117983.91,120133.91,130783.91,137248.91,103372.24,108002.24,121702.24,127755.54,40500,46200,63750,80500,101172.6,105772.6,111752.6,112752.6,114952.6,141702.6,143002.6,146002.6,25125,51000,56000,67050,70750,70750,74300,76450,81050,84350,92910,118714,33921.12,44725.12,95389.12,97489.12,107038.77,125788.77,128238.77,166362.75,169554.75,171904.75,199694.4,278633.56,21860.05,44860.05,60460.05,102517.82,117292.82,134992.82,162176.02,169576.02,182076.02,196495.61,210455.61,217955.61,8833.33,34666.66,46174.99,63122.1,82350.77,90684.1,105267.43,126059.88,135793.21,172773.68,268125.35
706105,384.61,1784.61,3184.61,4584.61,5984.61,5984.61,8276.61,10568.61,12860.61,15152.61,2292,2292,8687.97,8687.97,8687.97,8687.97,8687.97,8687.97,8687.97,8687.97,8687.97,8687.97,10000,10000,10000,43900,55420,67396.35,79094.35,91694.35,102994.35,114294.35,133118.35,133118.35,12600,23900,23900,23900,72156.99,72156.99,72156.99,72156.99,72156.99,79606.99,92856.99,106106.99,0,31309.93,44559.93,57809.93,71059.93,87809.93,99309.93,114309.93,129309.93,144703.63,159703.63,192853.63,25344,52254,78964,105674,139719.05,167348.77,196122.13,224742.36,251336.93,281336.68,309246.68,336237.07,35410,60820,101694.55,110357.95,164695.35,172574.46,194639.32,225937.44,257116.19,287460.53,317599.1,344463.48,5353.41,56406.97,83650.05,112348.28,140344.77,168411.03,196322.08,231733.14,264029,294091.9,324543.49,355308.36,7056.98,14107.85,28410.26,36133.48,43130.48,50434.58,110829.5,121940.94,128857.62,161067.9,169699.85,228095.74,35429.96,41737.42,71448.81,82295.8,114699.83,124468.84,157696.34,164836.91,176384.91,183470.11,192745.29,203284.44,3747.37,41224.06,44971.43,48718.8,52466.17,56213.54,59960.91,63708.28,67455.65,70803.02,73750.39
706106,0,978,1428,9884.52,17852.87,28019.87,31144.91,41101.11,46456.31,7266,1303,7524.9,11539.9,15142.9,22511.69,28329.99,40347.64,52086.88,58724.88,63584.98,68476.08,18028.58,1700,9062.7,23222.42,32521.09,37828.87,42156.44,46761.64,47521.64,49421.11,51286.11,53864.11,56409.37,4638.37,11618.72,12633.72,23306.72,25806.72,27651.72,33867.05,32079.55,35534.79,44411.79,58972.92,72524.52,5397.6,23864,35467.45,37147.45,47079.89,76981.12,92297.46,104057.56,107482.56,115859.04,124308.58,38991.04,33597.56,47508.36,57557.32,60550.33,105550.97,109304.97,129760.84,179427.07,182172.07,208852,236947.97,242229.48,27957,118411.25,136851.72,163792.97,170893.97,172798.59,203508.8,213802.09,228081.69,280817.22,291664.55,298814.55,30678.5,33193.5,40292.4,55025.9,95387.66,117301.11,135889.11,206074.87,208342.98,237795.83,256546.44,260882.84,10359.5,51550.06,56783.06,89467.33,102332.09,108495.09,174506.12,180597.62,209031.7,237775.27,250060.27,253180.97,19679.81,33282.81,52724.81,61931.81,109214.45,144812.04,181287.9,210755.18,225745.92,297746.55,308152.25,310124.24,21661.75,53038.73,132014,207999.76,218766.72,301536.48,385893,412641.71,419480.77,477895.3,538516.32
706107,2490,9986.84,38172.67,76286.5,156358.49,203866.67,224771.39,257504.39,361352.64,412056.79,97.5,51020,136606,164510.17,181597.12,194326.12,207055.12,245854.81,284985.58,317676.33,359900.14,401090.14,1450,7543,38427.15,58299.31,60765.31,71327.31,85154.81,87737.81,97935.31,113825.31,184187.31,187165.31,15100,22475,39931,101161.5,105086.5,106011.5,112990.5,113390.5,116005.5,116005.5,132581.5,146590.5,0,0,3277.5,14214.5,26617.5,42517.5,59852.5,131580.17,137920.17,150423.17,193407.48,192083.48,62680,110087,147177,181315.71,188938.75,202448.11,203763.11,225898.11,273918.43,324718.43,347814.93,355318.68,61158.3,92059.5,165035.74,201653.16,215551.18,219691.26,258898.6,353507.03,383900.28,429192.46,514192.46,562897.46,63048.57,72464.08,41710.9,102208.42,127322.16,165055.56,207315.33,217038.3,277398.15,368035.83,577990.14,577990.14,165612.48,191499.32,260528.83,365699.35,421995.81,539402.67,589146.63,656214.77,742441.8,757380.3,890679.04,825679.04,244758.83,436482.11,498627.77,854554.29,954642.24,954642.24,1007961.06,1197042.54,1199513.95,1265776.5,1123966.6,724733.67,275,440,525,1399.48,2639.48,9524.76,15639.6,23397.06,23397.06,23752.06,24669.66
706108,0,0,0,0,0,0,0,0,0,0,0,0,4299.75,4299.75,17261.01,17261.01,17261.01,17261.01,17261.01,17261.01,17261.01,17261.01,0,0,0,0,1029,1543.5,2058,2572.5,3087,3601.5,4116,4630.5,3567.54,5111.04,5111.04,11549.64,14107.44,17836.07,17836.07,17836.07,17836.07,17836.07,17836.07,17836.07,4043.09,4043.09,7519.93,7519.93,20875.7,30875.7,57136.25,101828.06,111828.06,121828.06,131828.06,150644.83,10000,23829.94,23829.94,40546.8,68194.53,102827.3,138223.94,150707.94,169207.94,220207.94,235207.94,272026.11,7992.88,7992.88,46378.97,46378.97,81256.7,125774.65,176766.7,222145.39,258945.61,296283.99,336556.82,383143.17,39462.77,0,2587.2,13506.52,16053.65,16053.65,18828.77,23944.36,34104.36,34104.36,64104.36,70578.6,0,2000,2602.34,3204.69,4528.9,7853.11,9177.32,9177.32,14457.24,16714.86,18972.48,21715.67,32257.62,64515.24,66772.86,69594.16,73311.76,76958.81,88524.93,91188.09,94618.57,98049.05,101479.53,107588.78,3709.96,7419.91,11129.88,14707.41,18970.4,19264.4,26537.36,30097.42,33657.48,37217.54,40777.6
706109,0,1171.82,2343.64,7849.94,18364.5,32610.85,46518.75,60923.15,75185.22,138511.11,62600.76,126561.93,190523.1,254702.32,320012.22,388402.08,460374.94,527085.79,594593.67,663136.8,732871.67,800946.46,102271.82,207175.86,313521.83,421715.93,533420.57,646638.26,759855.95,873718.01,987580.07,1101896.91,1217223.75,1332550.59,149291.67,299720.9,450150.11,601818.69,750956.6,900734.86,1053519.05,1204089.09,1350772.41,1500368.66,1652185.39,1859842.06,0,279896.43,399050.65,535659.22,667222.94,797550.04,927260.78,1057634.69,1187979.34,1317620.76,1448038.69,1578456.62,134993.72,269572.15,404577.13,445395.36,485733.88,525785.14,568812.47,610520.91,653285.98,696813.4,740287.19,775539.44,35498.09,120996.18,184904.73,247312.34,313709.76,360764.17,416142.43,478858.93,543506.18,607857.85,669525.8,731871.05,61608.49,122064.51,181631.74,243563.26,304973.03,366202.1,426933.46,486490.01,550991.26,618907.38,785434.3,852498.55,316695.14,524951.48,719772.29,917014.56,1137044.46,1351343.08,1565334.86,1778403.51,1991519.37,2200216.36,2408123.21,2625384.42,228290.03,455853.21,683503.37,907787.47,1130342.48,1359684.85,1589342.31,1819763.27,2050889.12,2282132.59,2513354.86,3119841.1,254334.13,508447.89,759056.64,1008035.1,1257731.54,1507214.14,1758680.79,2010074.94,2261697.97,2515480.68,2771268.36
706110,0,8066.68,30458.84,46501,59424.5,91098,110518,129753,146873,168993,12350,28975.8,43975.8,73450.8,96268.8,137013.8,171273.8,186913.8,199913.8,226292.23,272156.66,302140,9000,13550,30002.15,35416.65,39362.08,47376.09,60621.59,68152.19,69073.19,71473.49,82656.29,94671.14,908,1198.8,16295.33,16295.33,17081.23,17791.33,17913.43,19126.73,20286.68,22630.63,32841.48,41838.13,1082.25,10455.3,17797.1,23137,27410.44,33084.58,42275.32,50004.21,57617.55,69841.62,82405.9,84290.4,1342.95,3008.55,8023.3,18073.3,23956.05,30361.7,39217.4,45722.44,58947.65,60657.2,61921.3,77612.9,1878.15,4540.05,5175.05,37891.45,42823.13,43847.48,45847.48,49977.92,50095.92,58858.92,61473.53,65677.23,3159.16,21921.37,29234.79,40715.22,50961.82,54123.31,58210.81,62791.91,66646.4,74303.86,77943.93,82662.88,8706.48,19170.1,23239.59,28714.31,34141.03,42827.01,50032.94,62748.35,72449.9,80372.93,89519,104096.75,1984.45,7491.52,17428.8,22634.83,28818.93,33601.8,47491.36,61974.95,73468.56,78968.27,83657.92,92426.26,4072.48,10858.95,20017.22,27112.65,38931.87,48799.75,59039.29,64934.57,80620.46,90493.55,98012.94
706199,1045.75,1100.75,1613.5,1932.5,10701.94,13097.2,17017.2,29898.23,49115.48,96040.94,12744,21713.37,30335.27,57782.52,82238.44,106007.94,137431.04,169861.29,197910.29,229974.79,278219.58,396460.3,12241.34,30659.59,76751.59,138561.48,170255.73,184822.93,233617.41,264821.84,334345.47,343975.69,428345.85,470736.48,30067.73,59826.69,86459.44,164834.69,212289.94,254992.94,313668.27,346398.77,426014.52,446480.94,510627.44,571100.33,15677,107345.42,139651.42,160150.17,216853.17,256555.27,288160.35,328594.69,370529.69,406578.27,440792.64,576792.47,33634.57,76737.91,123967.04,171863.12,211732.69,253343.84,299220.76,354082.21,409924.07,472312.39,522287.99,575672.75,44577.82,101078.38,152185.27,200576.5,251146.52,316436.6,395715.5,440245.85,494411.5,544604.05,592828.49,644199.33,55188.61,122797.37,187095.81,247272.35,308046.06,355730.79,399886.83,463060.1,522648.26,562178.78,610837.07,668907.93,149512.53,203256.32,274226.74,325305.81,375205.14,451978.71,529492.45,607184.21,663178.52,723658.44,787007.19,843091.98,112002.78,196989.61,266769.67,360051.47,445648.3,532114.84,635620.69,647713.79,779090.11,856211.4,939046.79,1004443.35,63585.64,112685.37,148222.64,196108.43,252266.74,299847.15,353725.02,397892.72,451099.08,513524.11,555155.25
709102,19974.81,0,0,88354.68,270854.41,516071.91,764159.2,1060312.76,1437710.5,1770776.43,338744.73,668397.39,1012772.78,1339126.6,1585275.64,1822148.34,2148916.87,2454621.12,2752127.18,3057017.68,3365386.35,3710527.83,353855.45,705162.32,1072946.1,1412651.08,1690211.41,2031160.39,2372411.01,2729579.95,3083882.18,3428689.78,3792449.34,4160537.02,392114.16,754526.24,1091939.38,1432061.26,1784761.72,2130891.84,2471687.24,2839277.59,3101975.88,3463277,3759932.19,4075777.99,69971.14,614762.9,929677.27,1251615.1,1584043.89,1939788.03,2284577.71,2626529.57,2982335.57,3336608.5,3680450.29,4029869.09,368148.55,769080.48,1166568.2,1510143.48,1836062.9,2151156.91,2480575.59,2823770.01,3116174.04,3451100,3820285.83,4349594.56,432521.4,869130.14,1336081.51,1817237.47,2268585.12,2725416.85,3182154.46,3621492.69,4081333.5,4538664.45,5019792.89,5499559.51,480130.23,999883.67,1599414.12,2112013.08,2628928.03,3156947.15,3727083.87,4264818.69,4838957.42,5421967.06,5991667.62,6607802.1,561960.26,1189230.03,1834854.56,2518763.04,3125046.1,3787269.6,4452998.78,5033799.8,5613846.21,6139183.46,6808157.25,7336115.69,633151.49,1354655.43,1928505.77,2543130.17,3223003.2,3934848.14,4696643.47,5446819.21,6178487.86,6901007.29,7605959.81,8538573.74,935970.5,1799820.49,2664159.49,3467942.64,4291572.45,5123265.25,6020695.27,6808787.29,7627210.43,8466836.74,9269620.98
709104,0,0,0,0,0,0,0,0,0,0,0,0,0,0,200,200,200,200,200,200,200,200,0,0,0,0,0,0,855,1555,1555,1555,1555,1555,0,0,0,0,300,300,300,300,300,300,300,300,0,10993.25,19188.45,22183.65,42914.1,48714.1,56544.32,60444.32,62744.32,68694.52,80532.01,116272.01,0,8701.32,18624.1,18824.1,18824.1,18824.1,20124.1,20624.1,20624.1,22774.1,26474.1,26474.1,8100,9400,14980.8,16780.8,27529.75,38627.65,48403.4,58763.4,70378.4,85227.75,85227.75,87377.75,4300,4510,4510,20410,24945.2,48995.2,52495.2,55436.4,55436.4,61674.6,69334.35,69584.35,3500,11378.7,17333.7,22386.9,48260.77,58788.22,58788.22,62705.22,75077.19,75257.19,77607.19,94307.14,1205,1608,8145.65,15353.02,23653.02,37752.07,44665.27,60616.51,78547.51,106082.81,114462.56,137909.56,47557,61746,91466.2,123179.2,161087.2,200628.7,214802.1,274806.7,285119.45,350518.85,371818.85
709105,0,4500,15460,26420,66330,128874.21,198761.05,261906.44,324187.86,436980.43,70437,140774,244233.31,317250.31,407783.1,496566.42,567603.42,642370.42,754628.86,835033.36,915872.86,1015561.57,79804.5,168262,282046.71,346795.11,436881.01,525869.91,615208.81,705747.71,797336.61,888025.51,980014.41,1065073.31,85838.9,177777.8,271466.7,359312.6,446498.07,528103.54,617477.78,699747.28,775720.37,849481.35,925719.21,1007744.94,67684.01,157661.03,237555.71,321997.18,417388.62,504795.28,593898.51,686072.82,778420.64,877659.81,970175.45,1068679.38,85010.04,198846.39,298962.67,403418.28,490404.88,584669.94,683263.73,781594.36,878789.1,977158.11,1080648.05,1187633.35,108979.8,215264.59,311468.44,421357.7,531693.73,644074.47,761307.5,877828.72,996291.82,1108658.53,1225823.01,1348867.1,126873.08,252254.39,385252.04,509328.05,631981.43,777282.03,897183.68,1021611.18,1155368.1,1286428.71,1421594.98,1568496.6,130186.85,277849.41,427441.41,569622.26,714185.46,867450.25,1033345.17,1189216.4,1368152.72,1537929.38,1710152.14,1883364.3,174850.3,343924.76,573058.22,743668.96,926147.51,1112369.12,1299245.62,1499309.33,1692463.47,1889816.64,2091812.12,2291023.79,201452.48,403471.93,562570.93,800715.42,972480.62,1150088.85,1332901.87,1515967.72,1710351.92,1902253.6,2102983.27
709106,0,0,0,930,3319.5,3319.5,6112.36,12253.2,14378.2,21263.2,5077.5,13052.58,18870.08,23373.07,35239.57,42958.07,47609.07,52456.65,56191.63,64065.68,68090.68,71215.68,3666,11268,18246.5,26459,30430.25,33285.25,49295.25,56041.45,61706.36,77206.36,86238.86,93922.86,3790,6915,10830,13955,18130,22130,40865.17,54376.17,73361.17,87433.47,90583.47,95178.47,1400,10567,14242,17917,25046,30524,35636,38972.7,45866.7,51875.2,82349.78,85049.78,19026.44,34663.84,41038.84,46437.1,52316.1,79088.6,91870.92,95810.92,100552.9,108844.4,117412.23,122942.23,4215,8710,13835,29322.65,38607.65,54304.65,64484.65,82979.65,116214.07,125362.1,129702.1,136340.33,5249,12861.55,20759.38,25223.93,28913.41,37317.89,44825.17,56515.26,65104.74,66914.74,106862.5,213973.98,2117.91,2117.91,2117.91,8913.31,21953.31,22203.31,39603.35,47359.94,58506.9,69572.95,108442.6,116337.11,9641.85,33937.44,43791.67,78109.12,115065.65,156024.25,202057.18,247687.76,284159,317451.56,329282.4,371002.19,14440.86,29462.14,170576.54,195634.6,203535,213126.63,224704.11,282880.05,327722.14,374195.24,419647.79
709107,0,0,0,37833.33,82500,127500,172500,222333.33,267333.33,312333.33,45000,90000,91400,181400,227120,266640,302360,338080,374650,417970,453690,489410,35720,71440,107160,108080,161133.36,216686.72,270740,313900,359770,400990,441710,483180,40720,80720,120720,162120,202120,242120,282120,330220,373220,413220,453220,493220,40000,80000,125200,165200,216159.48,254104.42,296664.42,344664.39,389800.36,438460.83,484920.83,532455.8,51395.1,105540.07,166076.04,225452.01,285467.97,344843.94,406807.91,469416.85,533078.79,600032.01,660612.97,722343.93,62180.96,121711.92,181492.88,241108.01,310818.97,380979.25,440619.42,500150.42,572701.1,636368.6,706204.63,773141.64,65890,132910,214216.4,290269.6,362149.6,436859.6,509179.6,582127.6,667934.9,746959.46,819189.42,891069.38,77380,154132,230884,307886,386938,463690,540442,649108.5,732290.5,815438.5,905106.5,1020179.7,91853.2,183026,278630.2,382280.02,486712.78,591109.6,715852.57,823586.73,946991.5,1041850.47,1143994.42,1275647.37,119384.52,240828.98,378302.54,507639.82,626674.32,751894.82,880783.32,1000217.82,1119652.32,1238569.34,1360928.84
709108,0,0,0,0,0,0,0,0,0,0,0,0,0,0,0,0,0,0,0,0,0,0,0,2400,13078,58996.9,101399.69,124383.19,132614.19,167241.69,176001.69,203720.31,209780.31,233748.31,3850,9265,28330,68505,96711,115485,146329,162937,169862,184087,216962,225782,-3860,140,15784,37084,43744,79786.5,97250.5,125462.19,157678.19,245084.19,278417.19,366648.99,12320,39913,66539.75,77641.75,112606.65,138625.74,157765.74,177573.74,227939.01,267094.83,295613.53,301655.78,13841.7,57940.5,129677.84,158848.62,253356.07,304571.08,340459.57,405441.39,472420.8,549273.4,556717.83,600126.83,61751.43,181145.02,339018.79,403521.27,504399.36,713327.7,825859.46,980903.2,1092278.83,1174369.46,1267773.4,1267773.4,52785.72,180656,301793.4,336183.92,456102.88,505392.33,703304.48,798721.11,864183.2,960344.63,1045288.63,1045288.63,45575.16,96851.23,140651.62,212112.39,314033.55,368156.34,431122.56,511233.95,642480.16,798021.59,945562.74,1344727,161518.33,323146.66,484854.89,556121.34,660412.62,913950.57,1180987.42,1336655.07,1447791.58,1551001.41,1728244.2
709109,0,0,0,0,0,0,0,32928,32928,32928,0,0,0,5292,5292,9408,9408,9408,9408,12152,14896,17640,2744,5488,8232,11490.5,16661,19846,23031,26216,29401,29842,33027,36212,6370,12740,20972,29204,34496,34496,38612,38612,38612,47884.17,53097.77,58311.37,0,10427.2,15640.8,22429.12,23656.3,25777.2,28461.48,34260.8,34260.8,39474.4,52508.4,65542.4,5000,10000,14468.8,23406.4,23406.4,27875.2,38875.2,43875.2,58344,70844,147872.19,147872.19,20000,20000,33351.6,43351.6,72050,90467.04,90467.04,94935.84,94935.84,94935.84,187390.06,187390.06,0,79903.42,122493.18,189143.83,226495.51,282916.69,339931.94,396973.87,456197.59,521651.48,561663.6,603012.03,49137.13,99270.3,146585.28,217888.19,302125.84,379586.45,455562.28,536013.27,616892.41,703187.6,795931.39,880751.29,87456.85,179802.56,271835.13,330777.22,389887.95,446870.83,482364.09,540090.25,598618.43,659495.44,690679.9,722570.78,29970.95,80524.09,94089.53,136105.27,199197.45,268388.07,330581.13,389341.67,459894.78,522148.89,586711.29
709110,0,0,0,0,0,0,0,0,0,0,0,0,0,0,0,0,0,0,0,-287.47,-287.47,-287.47,0,0,0,0,0,0,0,0,0,0,0,0,0,0,0,0,0,0,0,0,0,0,0,0,0,38035.72,70024.06,84700.94,106076.42,127703.01,151464.24,175666.31,200182.25,225400.35,250240.51,278233.4,25279.18,50093.28,75154.43,99989.76,124340.34,152691.52,171459.85,196900.75,224299.53,249259.14,276338.72,299616.72,23466.65,46906.42,68353.81,91661.05,113561.37,135666,153509.2,176638.14,199447.64,221569.77,243774.26,269147.96,23265.51,45439.64,70138.98,97944.82,124008.94,150820.18,176883.72,203701.72,230519.72,262578.45,294751.15,328169.57,33107.31,66005.47,97993.32,130642.6,166564.54,202486.48,249187.46,295617.36,343523.43,389989.38,432455.5,492459.5,45958.15,91916.3,141280.67,234074.11,325822.24,417071.34,509779.84,601813.64,694000.37,733241.34,772333.14,811574.94,40931.19,79579.41,121539.42,168432.07,214668.42,259525.35,304382.28,348520.75,392219.34,436548.35,480689.89
709111,0,0,0,0,1100,7750,9448,9448,10023,10430,168,548,2969.5,3081,3461,4011,4146.5,14146.5,14146.5,14146.5,14146.5,25171.5,3875,23700,37330.5,45130.5,61154.05,86182.12,99355.32,111792.76,115007.06,128171.16,131276.66,134314.91,2327.2,5318.2,8604.7,8903.7,19377.8,30014.3,43212,55834.4,60215,67112.55,77535.45,88976.5,3410.25,11710.15,17584.1,21839.45,28205.55,32256,39890.85,62420.75,74605.89,86922.04,99600.19,134205.49,3681.15,20709.65,46421.55,49979.4,52852.95,62533.74,85529.89,95445.41,127352.86,132308.92,138857.85,155186.56,4134.29,8341.78,15415.28,20675.93,33703.68,61444.33,61444.33,71396.14,71396.14,90791.14,117834.41,118342.35,6903.95,64920.94,71097.53,79484.12,110977.5,179951.77,187388.64,202008.86,220902.62,251856.06,257569.85,264554.89,8816.96,23263.67,30799.75,40521.4,55961.75,66100.55,79422.75,90624.31,112457.87,130521.25,152996.52,159268.26,4580.25,11734.73,16788.11,26971.77,45786.75,61563.44,86285.62,95898.39,107542.81,122467.56,154555.24,164666.71,22844.34,33741.09,48162.32,64459.71,86010.32,119928.57,176290.51,186306.44,208000.26,273927.89,231470.72
709112,75000,150000,150000,150000,150000,150000,195000,150000,150000,150000,0,53869.25,62141.97,62141.97,62141.97,62141.97,212141.98,212141.98,239141.97,282141.97,332141.99,359141.99,61446.19,105367.98,145367.98,195367.98,369809.07,369809.07,369809.07,369809.07,369810.7,369810.7,419810.7,419810.7,11000.01,25281.29,25281.29,185361.46,215141.22,233529.14,241877.32,255067.26,333027.95,333027.95,353813.09,439259.04,0,100000,174999.99,325000,475000,624999.99,775000,925000,1075000,1225000,1375000,1625000,150000,300000,450000,600000,750000,900000,1050000,1200000,1350000,1500000,1650000,1800000,175000,350000,575000,800000,1175000,1400000,1550000,1825000,2125000,2375000,2675000,2975000,300000,600000,900000,1200000,1500000,1800000,2100000,2400000,2700000,3000000,3300000,3600000,300000,600000,900000,1200000,1500000,1950000,2250000,2750000,3390000,4284665.51,4949166.44,6178823.29,400000,900000,1315000,1715000,2115000,2415000,2865000,3397495.15,3797495.15,4197495.15,4197495.15,4197495.15,0,300000,600000,1329548.18,2379548.18,2379548.18,2679548.18,3463548.18,4213548.18,4963548.18,5526227.09
709113,0,0,0,0,0,88,163,188,388,413,0,0,68,293,293,593,593,593,593,593,593,1593,665,2907.53,3147.53,5505.53,6974.53,9241.53,11642.53,14505.53,15293.03,17243.03,19973.03,24010.04,630,1530,2105,3356,4231.03,4845.03,8691.03,12189.03,16304.03,20849.04,25136.04,29516.04,0,5698,11261,17429,26600.37,34142.37,40762.37,49216.37,55514.87,63515.87,70845.6,81042.6,7118,22448.6,30154.88,35659.93,42996.42,51860.92,56634.92,62799.92,71006.92,77792.92,82768.92,89557.93,6347.25,14007.65,21032.18,29443.28,37954.28,47499.32,54789.32,65459.85,75921.89,85616.89,96274.97,104049.97,2797,10129,15467.24,23077.15,34015.68,44951.23,52657.27,60468.29,63810.04,68637.04,74138.57,78318.17,4439,7667.5,7667.5,7667.5,7667.5,8202.5,8202.5,8202.5,8202.5,8202.5,8202.5,8202.5,0,0,0,0,0,0,0,0,0,0,0,0,0,0,0,0,0,0,0,0,0,0,0
709199,0,0,0,0,3031.2,9135.91,12523.05,28204.99,34904.94,57492.17,11774.12,38188.93,59935.87,77191.62,102747.82,122048.72,146983.65,166448.83,187125.21,203988.4,224423.74,251401.23,21147.64,43560.03,64064.56,93702.37,136214.99,246158.61,281042.67,320479.87,346467.76,371852.83,397528.69,424964.45,32861.96,64758.69,79195.33,111021.22,137936.73,151120.73,180776.53,219737.19,243250.34,262031.49,278411.53,294542.33,10559.73,27900.84,42168.54,75815.02,92009.15,106527.31,128422.92,142355.36,156735.13,173319.11,192296.36,207784.62,12551.34,35178.55,65992.56,91876.48,102568.84,126779.87,141221.1,163620.17,184708.24,200440.36,234612.5,254630.56,19612.48,113322.08,158876.21,188778.75,218892.43,321645.68,384461.54,421516.32,454178.43,490370.23,523442.96,552455.75,25767.05,63992.87,112759.71,145013.77,198083.46,249946.83,319350.14,380616.42,453512.21,507694.04,557951.34,607255.16,52142.46,102122.59,157263.93,210328.83,264997.64,316167.13,383478.35,449880.27,511152.61,570248.04,628977.51,689908.38,69028.89,131415.05,194395.06,261473.35,327085.27,393876.33,519971.65,605320.02,691461.48,762373.62,842674.18,912831.22,78591.69,169457.61,249360.53,335507.29,445820.02,524532.09,611372.77,699527.22,774467.79,903753.23,980342.01
713101,0,0,0,0,0,0,0,0,0,0,0,0,0,0,0,0,0,0,0,0,0,0,0,0,0,0,0,0,0,0,0,0,0,0,0,0,0,0,0,0,0,0,0,0,0,0,0,0,0,0,0,0,0,0,0,0,0,0,0,0,0,0,0,0,0,0,0,0,0,0,0,0,0,0,0,0,0,0,0,0,0,0,0,0,0,0,0,0,0,0,0,0,0,0,0,0,0,0,0,0,0,0,0,0,0,0,0,0,0,0,0,0,0,0,0,0,0,0,0,0,0,0,0,0,0,0,0,0,0
799101,0,0,0,0,0,11598.22,11598.22,11598.22,11598.22,11598.22,0,71938.07,80128.19,105445.99,119865.74,145899.09,197269.24,245807.18,263226.22,268583.65,309778.36,322862.36,43358.55,69309.78,94506.63,112619.55,142322.24,191934.88,203373.95,221565.94,238136.81,242483.16,260240.07,286317,41332.3,61628.41,74888.01,80140.54,117160.22,167535.19,168223.93,168309.3,175908.86,191759.22,209475.32,218733.86,17391.8,17423.6,25704.26,42797.65,44597.8,47921.91,69687.71,69825.81,77066.73,93361.88,93562.96,99225.12,24232.5,27453.71,35150.1,37392.11,37716.16,43224.75,57474.5,57657.29,60572.2,86263.33,87274.87,90189.8,37769.63,38211.8,39304.15,79980.18,81279.02,85673.21,120701.04,122025.11,128836.47,163288.74,165149.48,169170.28,30995.12,31844.44,32611.56,71220.24,91778.45,114632.04,132334.93,151394.45,173040.06,206036.92,215914.37,233518.28,26126.21,32278.11,37711.43,42238.68,46358.57,51353.71,59570.92,65678.64,70533.68,91803.86,95929.8,99634.96,19497.03,29036.29,55843.77,68829.59,89237.6,109649.1,127226.4,146230.14,164062.48,182758.27,203642.34,266934.94,19341.93,39700.2,57188.85,69293.5,90656.24,141818.89,157373.5,176297.5,227191.51,246601.04,271185.85
913101,0,0,0,0,0,0,0,0,0,0,0,0,0,0,0,0,0,0,0,0,0,0,0,0,0,0,0,0,0,0,0,0,0,0,0,0,0,0,-5706.09,-5706.09,-5706.09,-5706.09,-5706.09,-5706.09,-5706.09,-5706.09,-5706.09,-5706.09,-5706.09,-5706.09,-5706.09,-5706.09,-6261.97,-6261.97,-9385.6,-9385.6,-9385.6,-9385.6,-9385.6,-9385.6,-9385.6,-9385.6,-9385.6,-9385.6,-9385.6,-9385.6,-9385.6,-9385.6,-9385.6,-18250.2,-18250.2,-18250.2,-18250.2,-18250.2,-18250.2,-18250.2,-18250.2,-18250.2,-18250.2,-18250.2,-18250.2,-18250.2,-18250.2,-18250.2,-18250.2,-18250.2,-18250.2,-18250.2,-18250.2,-18250.2,-18250.2,-18250.2,-18250.2,-18250.2,-18250.2,-18250.2,-18250.2,-16763.79,-16763.79,-15894.95,-15894.95,-15894.95,-15894.95,-15894.95,-15894.95,-15850.82,-15850.82,-15482.03,-15213.54,-14917.49,-14859.95,-13944.35,-13944.35,-13831.01,-12889.23,-12263.61,-12039.98,-12039.98,-11345.8,-10382.96,-9923.45,-9530.79,-9520.1,-9013.34,-8846.49,-8763.19,-8763.19,-8674.91,-8674.91
913102,0,0,0,0,0,0,0,0,0,0,0,0,0,0,0,0,0,0,0,0,0,-119459.72,-119459.72,-119459.72,-119459.72,-119459.72,-119459.72,-119459.72,-119459.72,-119459.72,-119459.72,-119459.72,-119459.72,-490323.68,-486923.68,-486623.68,-485723.68,-485723.68,-485723.68,-485723.68,-485323.68,-485323.68,-477365.36,-476965.36,-476965.36,-784036.29,-781861.86,-779010.18,-777118,-775768.48,-773769.34,-769972.99,-766449.66,-1248719.23,-1247402.6,-1190550.43,-1189133.59,-1741851.37,-1732708.03,-1732677.48,-1731677.48,-1728198.33,-1728198.33,-1721961.17,-1721961.17,-1721461.17,-1720885.39,-2219505.91,-2218477.61,-2214943.38,-2198611.09,-2198611.09,-2131362.64,-2120283,-2116940.17,-2116940.17,-2116440.17,-2115940.17,-3124689.63,-3123089.63,-3114622.13,-3632465.31,-3624492.86,-3611318.23,-4241373.5,-4238799.26,-4235474.46,-5220948.47,-5208460.95,-5183030.8,-5178124.05,-5170962.07,-5861344.26,-6659001.17,-6508108.26,-6486060.28,-7226131.92,-7221354.11,-7112320.63,-6957692.19,-6923268.13,-6922735.01,-6917653.53,-6917553.53,-6850555.85,-6809759.08,-6792709.08,-6751270.26,-6724766.53,-6705184.19,-6650379.42,-6515039.23,-7539726.8,-7477622.92,-7429464.2,-7306964.64,-7259194.4,-9373072.67,-9249041.6,-9159106.22,-8902843.46,-8834605.95,-8554657.93,-8510557.97,-8442068.24,-8431316.68,-8408681.56,-8398981.56,-8299853.25
999999,0,0,0,0,0,0,0,0,0,0,0,0,0,0,0,0,0,0,0,0,0,119459.72,119459.72,119459.72,119459.72,119459.72,119459.72,119459.72,119459.72,119459.72,119459.72,119459.72,119459.72,490323.68,486923.68,486623.68,485723.68,485723.68,491429.77,491429.77,491029.77,491029.77,483071.45,482671.45,482671.45,789742.38,787567.95,784716.27,782824.09,781474.57,779475.43,775679.08,772711.63,1254981.2,1256788.2,1199936.03,1198519.19,1751236.97,1742093.63,1742063.08,1741063.08,1737583.93,1737583.93,1731346.77,1731346.77,1730846.77,1730270.99,2228891.51,2227863.21,2233193.58,2216861.29,2216861.29,2149612.84,2138533.2,2135190.37,2135190.37,2134690.37,2134190.37,3142939.83,3141339.83,3132872.33,3650715.51,3642743.06,3629568.43,4259623.7,4257049.46,4253724.66,5239198.67,5226711.15,5201281,5196374.25,5189212.27,5879594.46,6677251.37,6526358.46,6504310.48,7244382.12,7238117.9,7129084.42,6973587.14,6939163.08,6938629.96,6933548.48,6933448.48,6866450.8,6825609.9,6808559.9,6766752.29,6739980.07,6720101.68,6665239.37,6528983.58,7553671.15,7491453.93,7442353.43,7319228.25,7271234.38,9385112.65,9260387.4,9169489.18,8912766.91,8844136.74,8564178.03,8519571.31,8450914.73,8440079.87,8417444.75,8407656.47,8308528.16
